unique_id,gender,hold racket handed,play years_0,play years_1,play years_2,level_2,level_3,level_4,level_5
1968,1.0,1.0,0.9764,0.0236,0.0,0.0,1.0,0.0,0.0
1969,0.9991,1.0,0.0002,0.5138,0.486,0.0009,0.0011,0.0,0.998
1970,1.0,1.0,0.0001,0.2567,0.7432,0.0015,0.0002,0.0,0.9982
1971,1.0,1.0,0.0001,0.7562,0.2436,0.0001,0.0004,0.0,0.9995
1972,0.9948,1.0,0.0006,0.9864,0.0129,0.0001,0.031,0.0,0.9689
1973,0.9869,1.0,0.0,0.044,0.956,0.9978,0.0001,0.0,0.002
1974,1.0,1.0,0.0,0.8717,0.1283,0.0002,0.0,0.0,0.9998
1975,1.0,1.0,0.0587,0.9294,0.0119,0.0,0.0148,0.0,0.9852
1976,1.0,1.0,0.0044,0.9891,0.0065,0.0,0.9676,0.0,0.0324
1977,1.0,1.0,0.0,0.4446,0.5554,0.0004,0.0,0.0,0.9996
1978,1.0,1.0,0.0004,0.9624,0.0373,0.0,0.0,0.0,0.9999
1979,0.9218,1.0,0.0,0.9999,0.0001,0.0,0.9518,0.0,0.0481
1980,0.3779,1.0,0.0,0.0,1.0,1.0,0.0,0.0,0.0
1981,0.9923,0.0134,0.0069,0.9893,0.0038,0.0002,0.1748,0.0012,0.8237
1982,1.0,1.0,0.0,0.7273,0.2727,0.0002,0.0,0.0,0.9998
1983,0.9933,0.6393,0.0014,0.9968,0.0018,0.0,0.0627,0.0002,0.9371
1984,0.0165,1.0,0.0,0.2515,0.7485,0.6289,0.0,0.0003,0.3708
1985,1.0,0.0,0.0008,0.9992,0.0,0.0,0.0412,0.0,0.9588
1986,0.999,0.9999,0.0108,0.9787,0.0105,0.0,0.0143,0.0001,0.9856
1987,1.0,1.0,0.001,0.0733,0.9257,0.0011,0.064,0.0,0.9349
1988,1.0,1.0,0.0031,0.9937,0.0032,0.0561,0.0014,0.0066,0.9359
1989,0.639,1.0,0.0007,0.8584,0.1409,0.0006,0.0089,0.0,0.9904
1990,1.0,0.0082,0.0007,0.9993,0.0,0.0,0.0001,0.0001,0.9999
1991,0.9996,0.9996,0.0064,0.2567,0.7368,0.7837,0.1556,0.0008,0.0599
1992,0.955,1.0,0.0005,0.4199,0.5795,0.0019,0.0191,0.0,0.979
1993,0.9999,0.0011,0.0096,0.9903,0.0001,0.0,0.0338,0.0015,0.9647
1994,0.9998,1.0,0.0249,0.9453,0.0298,0.0001,0.5284,0.0,0.4715
1995,1.0,0.9969,0.0004,0.9996,0.0,0.0,1.0,0.0,0.0
1996,0.0197,1.0,0.0,0.9856,0.0144,0.0002,0.0042,0.0,0.9955
1997,0.9853,1.0,0.0,0.9997,0.0002,0.0,0.1533,0.0,0.8467
1998,1.0,1.0,0.0032,0.3714,0.6254,0.0014,0.0288,0.0001,0.9697
1999,1.0,1.0,0.0,0.0188,0.9812,0.0052,0.0,0.0,0.9948
2000,0.9992,1.0,0.1306,0.5533,0.3161,0.1837,0.7981,0.0,0.0181
2001,1.0,1.0,0.0003,0.9994,0.0004,0.0,0.9998,0.0,0.0002
2002,1.0,1.0,0.0486,0.8984,0.053,0.0001,0.5856,0.0,0.4143
2003,0.5686,1.0,0.0055,0.8857,0.1087,0.0002,0.2235,0.0,0.7762
2004,0.0111,1.0,0.0,0.0001,0.9999,1.0,0.0,0.0,0.0
2005,0.0687,1.0,0.0,0.0,1.0,1.0,0.0,0.0,0.0
2006,1.0,0.0001,0.0247,0.9753,0.0,0.0,0.1885,0.0006,0.8109
2007,1.0,0.0,0.0,1.0,0.0,0.0,0.0001,0.0,0.9999
2008,1.0,0.0041,0.0024,0.9976,0.0,0.0,0.0112,0.0001,0.9887
2009,0.9997,0.001,0.0003,0.9996,0.0,0.0,0.0159,0.0015,0.9827
2010,0.2493,0.9999,0.0,0.998,0.002,0.0002,0.0438,0.0001,0.956
2011,1.0,0.0,0.0,1.0,0.0,0.0,0.0,0.0,0.9999
2012,0.9996,1.0,0.005,0.5239,0.4711,0.1124,0.8789,0.0,0.0087
2013,0.6628,1.0,0.0,0.9999,0.0001,0.0,0.0348,0.0,0.9652
2014,1.0,1.0,0.0,0.7383,0.2617,0.0003,0.0,0.0,0.9997
2015,1.0,0.0,0.1776,0.8224,0.0,0.0022,0.1788,0.3213,0.4977
2016,0.9987,0.9999,0.0092,0.9906,0.0001,0.0,0.9985,0.0,0.0015
2017,0.9998,0.9998,0.0003,0.8953,0.1045,0.0002,0.025,0.0,0.9748
2018,0.9995,1.0,0.0533,0.7008,0.2458,0.0004,0.1502,0.0001,0.8493
2019,1.0,1.0,0.0001,0.6772,0.3227,0.0002,0.0,0.0001,0.9997
2020,0.0272,1.0,0.0,0.0,1.0,1.0,0.0,0.0,0.0
2021,1.0,1.0,0.0,0.0005,0.9995,0.9998,0.0,0.0,0.0002
2022,0.9524,1.0,0.0,0.0,1.0,1.0,0.0,0.0,0.0
2023,0.9999,1.0,0.0127,0.4365,0.5508,0.0002,0.1904,0.0,0.8093
2024,0.9207,1.0,0.0005,0.9826,0.0168,0.0001,0.943,0.0,0.0569
2025,0.8255,0.9985,0.0015,0.9921,0.0064,0.0,0.1517,0.0,0.8483
2026,1.0,1.0,0.132,0.8468,0.0212,0.0004,0.9996,0.0,0.0
2027,1.0,1.0,0.0162,0.9793,0.0045,0.8141,0.0001,0.1112,0.0746
2028,1.0,0.0,0.0005,0.9995,0.0,0.0,0.0,0.0,1.0
2029,0.9999,1.0,0.0141,0.4095,0.5764,0.0012,0.2956,0.0001,0.7031
2030,1.0,0.9997,0.0028,0.9972,0.0,0.0,0.9998,0.0,0.0002
2031,1.0,1.0,0.0224,0.9209,0.0567,0.0,0.9991,0.0,0.0009
2032,1.0,1.0,0.0015,0.9911,0.0074,0.0,0.1016,0.0,0.8984
2033,0.9986,1.0,0.0,0.0007,0.9993,0.9999,0.0,0.0,0.0001
2034,0.9963,0.9992,0.0002,0.9987,0.0011,0.0003,0.9994,0.0,0.0003
2035,1.0,0.0,0.9608,0.0392,0.0,0.0,0.0774,0.0002,0.9224
2036,0.7439,1.0,0.001,0.979,0.0201,0.0001,0.717,0.0,0.2829
2037,0.9956,1.0,0.0015,0.9976,0.0009,0.0027,0.9172,0.0,0.0801
2038,1.0,0.9998,0.0952,0.8049,0.0999,0.0001,0.2725,0.0001,0.7273
2039,1.0,1.0,0.9897,0.0103,0.0,0.0,0.9999,0.0,0.0001
2040,0.9974,1.0,0.1268,0.8297,0.0434,0.0,0.9991,0.0,0.0009
2041,0.9972,1.0,0.0001,0.9863,0.0136,0.0003,0.1044,0.0,0.8953
2042,1.0,1.0,0.0012,0.9734,0.0253,0.0004,0.9979,0.0,0.0017
2043,1.0,1.0,0.8616,0.1375,0.0009,0.0,0.9384,0.0,0.0616
2044,0.8989,1.0,0.0,0.0,1.0,1.0,0.0,0.0,0.0
2045,0.9985,1.0,0.0018,0.8755,0.1227,0.0002,0.0219,0.0,0.9779
2046,1.0,1.0,0.0531,0.8714,0.0755,0.0,0.0106,0.0001,0.9892
2047,0.927,1.0,0.0007,0.4026,0.5967,0.0059,0.1488,0.0,0.8454
2048,0.6518,1.0,0.0,0.9995,0.0005,0.0,0.999,0.0,0.001
2049,0.9999,1.0,0.0,0.9728,0.0272,0.0004,0.0275,0.0001,0.9719
2050,0.9991,1.0,0.0045,0.9711,0.0244,0.1103,0.002,0.0007,0.8869
2051,1.0,1.0,0.0,0.852,0.148,0.0253,0.0053,0.0,0.9693
2052,1.0,1.0,0.0,0.6966,0.3034,0.0003,0.0,0.0,0.9997
2053,1.0,1.0,0.9942,0.0024,0.0034,0.081,0.0,0.0035,0.9155
2054,0.9999,1.0,0.0,0.143,0.857,0.956,0.0403,0.0,0.0037
2055,1.0,0.9998,0.0001,0.9725,0.0274,0.0001,0.0004,0.0,0.9995
2056,1.0,1.0,0.0,0.9606,0.0394,0.0419,0.6705,0.0,0.2876
2057,0.0438,1.0,0.0017,0.9849,0.0134,0.0001,0.7223,0.0,0.2776
2058,0.8099,1.0,0.0001,0.9479,0.0521,0.0003,0.0053,0.0,0.9944
2059,0.0164,1.0,0.0,0.9981,0.0018,0.0001,0.0131,0.0,0.9868
2060,0.9833,0.9997,0.0079,0.7926,0.1996,0.0004,0.4265,0.0001,0.5731
2061,1.0,1.0,0.0003,0.9996,0.0001,0.0,0.9414,0.0,0.0586
2062,1.0,1.0,0.1783,0.8217,0.0,0.0001,0.006,0.0003,0.9937
2063,1.0,1.0,0.0122,0.9413,0.0465,0.0,0.488,0.0,0.512
2064,0.9999,0.004,0.0013,0.9973,0.0014,0.0,0.0159,0.0004,0.9837
2065,0.8712,1.0,0.0239,0.1258,0.8504,0.9986,0.0004,0.0,0.0009
2066,0.0747,1.0,0.0,0.0203,0.9797,1.0,0.0,0.0,0.0
2067,1.0,0.0,0.9685,0.0315,0.0,0.0,0.1094,0.0,0.8906
2068,0.9997,0.0084,0.003,0.9967,0.0003,0.0,0.0689,0.0013,0.9297
2069,1.0,0.9999,0.0003,0.9861,0.0136,0.0,1.0,0.0,0.0
2070,1.0,1.0,0.006,0.9351,0.0589,0.0,0.9925,0.0,0.0075
2071,0.9999,0.0005,0.0002,0.9997,0.0,0.0,0.0034,0.0004,0.9963
2072,0.9985,0.0172,0.0117,0.988,0.0003,0.0,0.0269,0.0013,0.9717
2073,1.0,0.0001,0.0094,0.9906,0.0,0.0,0.088,0.0011,0.911
2074,0.0036,0.9999,0.0001,0.9581,0.0418,0.0013,0.0115,0.0,0.9872
2075,0.9992,1.0,0.0,0.0335,0.9665,0.9974,0.0003,0.0,0.0023
2076,1.0,1.0,0.0,0.9991,0.0009,0.0,1.0,0.0,0.0
2077,0.8025,1.0,0.5643,0.4139,0.0218,0.0,0.9999,0.0,0.0001
2078,1.0,1.0,0.1282,0.8523,0.0194,0.0005,0.9499,0.0,0.0496
2079,0.0242,1.0,0.0,0.0,1.0,1.0,0.0,0.0,0.0
2080,1.0,1.0,0.0024,0.0975,0.9001,0.0011,0.8296,0.0,0.1693
2081,1.0,0.0001,0.0541,0.9459,0.0,0.0,0.1643,0.0006,0.8351
2082,0.0429,1.0,0.0,0.0004,0.9996,0.9993,0.0,0.0,0.0007
2083,0.5903,0.9997,0.0014,0.9932,0.0053,0.0,0.5387,0.0,0.4613
2084,1.0,1.0,0.8868,0.1119,0.0013,0.0013,0.9949,0.0,0.0039
2085,1.0,1.0,0.0001,0.9869,0.013,0.0,0.0008,0.0,0.9992
2086,0.9998,1.0,0.0001,0.6935,0.3064,0.0004,0.0,0.0001,0.9995
2087,1.0,1.0,0.0578,0.939,0.0032,0.0,0.907,0.0,0.093
2088,0.9993,1.0,0.0003,0.9968,0.0029,0.0001,0.7884,0.0,0.2115
2089,0.9999,1.0,0.0069,0.9607,0.0324,0.0001,0.498,0.0,0.5019
2090,0.9986,0.9999,0.0053,0.9483,0.0464,0.0001,0.6853,0.0,0.3146
2091,0.974,0.9999,0.0212,0.9778,0.001,0.0,1.0,0.0,0.0
2092,0.0085,0.9998,0.0006,0.9819,0.0175,0.0003,0.0293,0.0,0.9703
2093,0.9978,1.0,0.0001,0.8936,0.1063,0.0002,0.0001,0.0,0.9997
2094,1.0,1.0,0.1734,0.8097,0.017,0.0,0.9921,0.0,0.0079
2095,1.0,0.0054,0.0023,0.9975,0.0002,0.0,0.0452,0.0004,0.9544
2096,0.9998,1.0,0.0027,0.288,0.7094,0.0236,0.9764,0.0,0.0
2097,1.0,0.0,0.0021,0.9979,0.0,0.0,0.0543,0.0,0.9457
2098,0.9807,1.0,0.0,0.0845,0.9155,0.9915,0.0076,0.0,0.0009
2099,1.0,1.0,0.074,0.0567,0.8693,0.0024,0.5346,0.0,0.463
2100,1.0,1.0,0.0,1.0,0.0,0.0,0.0,0.0048,0.9952
2101,1.0,1.0,0.3023,0.6888,0.0088,0.4501,0.4282,0.0005,0.1211
2102,1.0,0.0003,0.743,0.2567,0.0003,0.0004,0.9847,0.0,0.0149
2103,1.0,1.0,0.802,0.1976,0.0004,0.0,0.9251,0.0,0.0749
2104,1.0,1.0,0.0,0.0023,0.9977,0.9956,0.0027,0.0,0.0017
2105,1.0,1.0,0.0,0.9793,0.0206,0.0001,0.0005,0.0,0.9994
2106,0.6769,0.9999,0.0002,0.9818,0.018,0.0004,0.333,0.0,0.6666
2107,0.9998,1.0,0.0003,0.6348,0.3649,0.0004,0.0006,0.0,0.999
2108,1.0,1.0,0.0001,0.4741,0.5258,0.0004,0.0001,0.0,0.9995
2109,0.999,1.0,0.0015,0.932,0.0665,0.0002,0.154,0.0,0.8458
2110,0.9816,1.0,0.0,0.0009,0.9991,0.9973,0.0,0.0,0.0027
2111,0.9994,1.0,0.0,0.0212,0.9788,1.0,0.0,0.0,0.0
2112,0.9969,0.9973,0.0119,0.9699,0.0182,0.0,0.5166,0.0,0.4833
2113,0.9996,1.0,0.0,0.0915,0.9085,0.8412,0.143,0.0,0.0158
2114,0.9996,1.0,0.971,0.0211,0.0079,0.0036,0.0009,0.0,0.9954
2115,0.2401,1.0,0.0,0.9961,0.0038,0.0,0.0014,0.0,0.9985
2116,0.5781,1.0,0.0,0.0888,0.9112,0.9985,0.0007,0.0,0.0009
2117,0.8623,1.0,0.0,0.99,0.01,0.0136,0.6399,0.0,0.3465
2118,1.0,1.0,0.0,0.879,0.1209,0.0003,0.0007,0.0,0.9989
2119,1.0,0.0001,0.0,0.9999,0.0,0.0,0.0,0.0,0.9999
2120,1.0,0.0,0.0,1.0,0.0,0.0,0.0,0.0,1.0
2121,0.9369,1.0,0.0001,0.9775,0.0224,0.0001,0.0862,0.0,0.9137
2122,1.0,1.0,0.0,0.561,0.4389,0.0001,0.9999,0.0,0.0
2123,0.9945,1.0,0.0001,0.7988,0.2011,0.0006,0.0042,0.0,0.9952
2124,0.0266,1.0,0.0007,0.966,0.0332,0.0003,0.0151,0.0,0.9845
2125,1.0,1.0,0.0003,0.9238,0.0759,0.0001,0.0013,0.0,0.9986
2126,1.0,0.0168,0.0243,0.975,0.0007,0.0,0.0653,0.0018,0.9329
2127,0.0646,0.9977,0.0002,0.9979,0.0019,0.0001,0.0524,0.0001,0.9474
2128,1.0,1.0,0.0002,0.9694,0.0304,0.0001,0.0005,0.0001,0.9994
2129,1.0,0.9996,0.068,0.9142,0.0178,0.0,0.445,0.0001,0.5549
2130,1.0,0.0002,0.0203,0.9797,0.0,0.0,0.0416,0.0,0.9584
2131,1.0,1.0,0.004,0.9211,0.0749,0.0,0.0816,0.0,0.9184
2132,0.9972,1.0,0.0005,0.13,0.8695,0.013,0.987,0.0,0.0
2133,1.0,1.0,0.0001,0.8208,0.1791,0.0001,0.0026,0.0,0.9973
2134,1.0,1.0,0.0058,0.9607,0.0334,0.0,0.0002,0.0,0.9997
2135,1.0,0.0,0.0,1.0,0.0,0.0,0.0,0.0,1.0
2136,0.9999,1.0,0.0001,0.1304,0.8695,0.3777,0.6223,0.0,0.0
2137,1.0,0.0002,0.0034,0.9966,0.0,0.0,0.044,0.0013,0.9547
2138,0.9997,1.0,0.0005,0.6369,0.3626,0.0007,0.0069,0.0,0.9923
2139,0.9999,1.0,0.0002,0.9938,0.006,0.0,0.0035,0.0001,0.9964
2140,1.0,1.0,0.0004,0.305,0.6946,0.0003,0.0,0.0,0.9996
2141,0.9998,1.0,0.0436,0.9365,0.0199,0.0,1.0,0.0,0.0
2142,0.9992,0.0026,0.0003,0.9997,0.0001,0.0,0.0122,0.0008,0.987
2143,0.9998,0.9987,0.1852,0.8107,0.0041,0.0,0.9858,0.0,0.0142
2144,0.9999,1.0,0.0008,0.921,0.0782,0.0004,0.06,0.0,0.9396
2145,1.0,1.0,0.0001,0.8208,0.1791,0.8323,0.0109,0.0,0.1568
2146,0.9998,1.0,0.0,0.831,0.169,0.0003,0.0002,0.0,0.9995
2147,0.4454,1.0,0.0041,0.9121,0.0837,0.0004,0.1396,0.0,0.86
2148,0.9999,1.0,0.0003,0.9452,0.0545,0.0002,0.0015,0.0001,0.9983
2149,1.0,0.0,0.0031,0.9969,0.0,0.0,0.0006,0.0,0.9994
2150,1.0,0.0,0.0009,0.9991,0.0,0.0,0.0001,0.0,0.9999
2151,1.0,1.0,0.0004,0.3874,0.6121,0.7877,0.0104,0.0001,0.2017
2152,0.1296,1.0,0.0005,0.4515,0.548,0.0022,0.0035,0.0,0.9943
2153,1.0,0.9999,0.0865,0.0005,0.913,0.9995,0.0003,0.0,0.0002
2154,0.9984,1.0,0.0209,0.9712,0.0079,0.0,0.9382,0.0,0.0618
2155,0.9665,0.0153,0.0001,0.9993,0.0005,0.0001,0.0103,0.0005,0.9892
2156,1.0,0.9995,0.0,0.9978,0.0022,0.0021,0.8471,0.0,0.1508
2157,0.9917,1.0,0.0005,0.609,0.3904,0.0005,0.0079,0.0,0.9916
2158,1.0,0.0003,0.0177,0.9822,0.0001,0.0,0.0144,0.0019,0.9837
2159,0.9535,1.0,0.0009,0.1813,0.8178,0.0027,0.6671,0.0,0.3302
2160,1.0,1.0,0.0864,0.9134,0.0002,0.0,0.0302,0.0,0.9697
2161,1.0,1.0,0.0001,0.9814,0.0185,0.0001,0.0006,0.0,0.9993
2162,0.477,1.0,0.0006,0.9466,0.0528,0.0005,0.0234,0.0,0.9761
2163,1.0,1.0,0.006,0.7098,0.2842,0.0004,0.5141,0.0,0.4855
2164,0.0128,1.0,0.0,0.9831,0.0169,0.0009,0.0078,0.0,0.9913
2165,1.0,0.9999,0.3654,0.6328,0.0018,0.0,0.5866,0.0,0.4134
2166,1.0,1.0,0.9729,0.0185,0.0086,0.3731,0.0253,0.001,0.6005
2167,0.9991,1.0,0.0,0.998,0.002,0.0,0.0015,0.0,0.9984
2168,1.0,0.0004,0.0142,0.9858,0.0,0.0,0.019,0.0038,0.9772
2169,1.0,1.0,0.0,0.0006,0.9994,1.0,0.0,0.0,0.0
2170,0.9484,1.0,0.0035,0.5598,0.4367,0.0009,0.9258,0.0,0.0733
2171,0.5909,0.9964,0.0094,0.9642,0.0264,0.0004,0.1588,0.0005,0.8403
2172,0.9737,0.9997,0.0211,0.9779,0.001,0.0,0.9982,0.0,0.0018
2173,0.9791,0.0179,0.0005,0.9974,0.0022,0.0002,0.015,0.0013,0.9836
2175,1.0,0.0,0.795,0.205,0.0,0.0,0.0516,0.0001,0.9484
2176,0.9988,1.0,0.0,0.0002,0.9998,0.9975,0.0,0.0,0.0024
2177,0.0225,0.9994,0.0001,0.9938,0.0061,0.0003,0.0386,0.0,0.9611
2178,0.9916,0.9995,0.0009,0.992,0.007,0.0,0.0656,0.0001,0.9343
2179,0.6812,0.9985,0.0041,0.9857,0.0102,0.0,0.1999,0.0001,0.8
2180,1.0,0.0001,0.0064,0.9936,0.0,0.0,0.0001,0.0,0.9999
2181,1.0,0.9994,0.0,0.0273,0.9727,0.7411,0.2579,0.0,0.001
2183,0.9999,1.0,0.0001,0.9899,0.0101,0.002,0.9917,0.0,0.0063
2184,0.9896,1.0,0.0,0.0,0.9999,0.9989,0.0,0.0,0.0011
2185,0.9996,0.9999,0.0,0.9997,0.0002,0.0005,0.9814,0.0,0.0181
2186,1.0,0.0508,0.0007,0.9992,0.0001,0.0,0.0031,0.0001,0.9968
2187,1.0,1.0,0.0,0.0012,0.9988,0.9955,0.0044,0.0,0.0
2188,0.9997,1.0,0.0018,0.7842,0.214,0.0002,0.0636,0.0,0.9362
2189,0.9901,0.9886,0.0001,0.9908,0.0091,0.0078,0.6559,0.0002,0.3362
2190,0.9701,1.0,0.0027,0.2767,0.7206,0.0016,0.0109,0.0001,0.9874
2191,1.0,0.0,0.0002,0.9998,0.0,0.0,0.0001,0.0,0.9999
2192,1.0,1.0,0.0,0.2567,0.7433,0.0003,0.0,0.0,0.9997
2193,1.0,1.0,0.0055,0.8556,0.1389,0.0002,0.1468,0.0,0.853
2194,0.0015,1.0,0.0001,0.9673,0.0326,0.0011,0.0192,0.0,0.9797
2195,0.4904,1.0,0.0,0.9921,0.0079,0.0002,0.3146,0.0,0.6852
2196,0.9907,0.9999,0.0003,0.8658,0.1338,0.0003,0.0103,0.0,0.9894
2197,1.0,0.0006,0.0068,0.9931,0.0,0.0,0.0203,0.0055,0.9743
2198,0.6559,1.0,0.0093,0.9682,0.0225,0.0001,0.8394,0.0,0.1605
2199,0.7114,0.9999,0.0003,0.9292,0.0705,0.0002,0.0134,0.0,0.9864
2200,1.0,1.0,0.0002,0.8169,0.183,0.0065,0.0,0.0,0.9935
2201,0.9853,1.0,0.0004,0.7047,0.295,0.9037,0.0069,0.0,0.0894
2202,0.5485,1.0,0.0,0.9935,0.0065,0.0002,0.005,0.0,0.9948
2203,0.9955,1.0,0.0,0.8868,0.1132,0.0004,0.0011,0.0,0.9984
2204,1.0,0.0092,0.4455,0.5545,0.0,0.0,0.5931,0.0001,0.4068
2205,0.9999,1.0,0.0,0.0003,0.9997,1.0,0.0,0.0,0.0
2206,0.9991,0.9999,0.0003,0.9958,0.0039,0.0001,0.3389,0.0,0.661
2207,1.0,1.0,0.0,0.9992,0.0008,0.0001,0.0,0.0003,0.9996
2208,0.3393,1.0,0.0,0.9923,0.0077,0.0003,0.0459,0.0,0.9538
2209,0.9997,1.0,0.0001,0.2632,0.7367,0.39,0.0004,0.0,0.6096
2210,0.9862,1.0,0.0,0.9733,0.0267,0.0003,0.0016,0.0,0.9981
2211,0.9992,1.0,0.0,0.0119,0.9881,0.9997,0.0,0.0,0.0002
2212,1.0,1.0,0.0002,0.9997,0.0001,0.0001,0.9621,0.0,0.0378
2213,1.0,0.0,0.0029,0.9971,0.0,0.0,0.0,0.0,1.0
2214,0.9842,0.9998,0.0452,0.9515,0.0033,0.0,0.8505,0.0,0.1495
2215,0.9757,1.0,0.0002,0.9516,0.0481,0.0005,0.1144,0.0,0.885
2216,1.0,0.0008,0.9226,0.0773,0.0,0.0,0.9991,0.0,0.0009
2217,1.0,1.0,0.0077,0.9916,0.0007,0.0,1.0,0.0,0.0
2218,1.0,1.0,0.0053,0.9947,0.0,0.0,0.9994,0.0,0.0006
2219,0.9999,1.0,0.0005,0.999,0.0006,0.0,0.9998,0.0,0.0002
2220,0.8948,0.131,0.0001,0.9993,0.0006,0.0001,0.01,0.0005,0.9894
2221,1.0,1.0,0.0027,0.8254,0.1719,0.0,1.0,0.0,0.0
2222,0.1335,1.0,0.0,0.9806,0.0194,0.0004,0.001,0.0,0.9986
2223,1.0,0.0004,0.0473,0.9518,0.0009,0.0,0.0601,0.0002,0.9398
2224,0.9988,1.0,0.0202,0.9775,0.0023,0.0,0.9999,0.0,0.0001
2225,1.0,1.0,0.0,0.8857,0.1143,0.0001,0.0,0.0,0.9998
2226,1.0,0.0,0.6171,0.3829,0.0,0.0,0.2321,0.0,0.7679
2227,0.9988,1.0,0.2385,0.7615,0.0,0.0,0.999,0.0,0.001
2228,0.9996,0.0,0.0122,0.0023,0.9855,0.9915,0.0044,0.0001,0.004
2229,1.0,1.0,0.0001,0.3506,0.6493,0.0004,0.0,0.0,0.9996
2230,1.0,1.0,0.0794,0.2278,0.6928,0.0353,0.1516,0.0,0.8131
2231,0.9986,1.0,0.0,0.0102,0.9898,0.9242,0.0,0.0,0.0758
2232,1.0,1.0,0.103,0.8969,0.0001,0.0,0.0,0.0012,0.9987
2233,1.0,0.0,0.0,1.0,0.0,0.0,0.0,0.0,1.0
2234,1.0,1.0,0.0086,0.9313,0.0601,0.0028,0.0,0.0,0.9972
2235,1.0,1.0,0.0002,0.9828,0.0171,0.0,0.0003,0.0,0.9997
2236,1.0,1.0,0.9328,0.0633,0.0039,0.0,0.0034,0.0,0.9966
2237,0.9996,1.0,0.0042,0.9954,0.0004,0.0,0.9988,0.0,0.0012
2238,1.0,1.0,0.1793,0.8206,0.0,0.0,1.0,0.0,0.0
2239,0.2195,1.0,0.0,0.9954,0.0045,0.0002,0.0293,0.0,0.9704
2240,0.0044,0.9999,0.0002,0.9863,0.0135,0.0001,0.0052,0.0,0.9946
2241,1.0,1.0,0.7738,0.2176,0.0086,0.0001,0.9998,0.0,0.0001
2243,0.3362,1.0,0.0025,0.9885,0.009,0.0001,0.6493,0.0,0.3506
2244,0.8762,1.0,0.0099,0.3841,0.606,0.003,0.6352,0.0,0.3619
2245,0.9999,0.0114,0.0161,0.9831,0.0007,0.0,0.0405,0.0003,0.9592
2246,1.0,1.0,0.0038,0.9957,0.0005,0.0078,0.0466,0.0001,0.9456
2247,1.0,1.0,0.0146,0.7393,0.2461,0.0002,0.0033,0.0,0.9965
2248,0.999,1.0,0.0004,0.0349,0.9646,0.0043,0.1172,0.0,0.8785
2249,0.1706,1.0,0.0005,0.8844,0.1152,0.0003,0.7539,0.0,0.2457
2250,1.0,1.0,0.0007,0.5588,0.4404,0.0001,0.0,0.0,0.9998
2251,1.0,0.0222,0.0002,0.2592,0.7406,0.0077,0.0001,0.0227,0.9694
2252,1.0,1.0,0.0789,0.3915,0.5296,0.003,0.3814,0.0,0.6156
2253,0.633,1.0,0.0121,0.6841,0.3038,0.0004,0.2097,0.0,0.7899
2254,0.4379,1.0,0.0004,0.8227,0.177,0.0005,0.0326,0.0,0.9668
2255,0.9999,1.0,0.0001,0.993,0.0069,0.0,0.0009,0.0,0.999
2256,1.0,1.0,0.0,0.002,0.998,0.9803,0.0197,0.0,0.0001
2257,0.6316,0.9998,0.0,0.9924,0.0076,0.0004,0.0315,0.0,0.968
2258,1.0,0.0,0.0,1.0,0.0,0.0,0.0,0.0,1.0
2259,1.0,1.0,0.0,0.0083,0.9917,0.9963,0.0001,0.0,0.0035
2260,0.8515,1.0,0.0003,0.9707,0.029,0.0002,0.1552,0.0,0.8446
2261,0.9992,1.0,0.0049,0.9452,0.0498,0.0637,0.8893,0.0,0.047
2262,0.9986,1.0,0.0197,0.9725,0.0079,0.0,0.9977,0.0,0.0023
2263,0.9996,1.0,0.0008,0.6739,0.3253,0.0004,0.0094,0.0,0.9901
2264,0.0243,1.0,0.0001,0.9954,0.0045,0.0002,0.4599,0.0,0.5399
2265,0.9541,1.0,0.0002,0.8258,0.174,0.0006,0.0455,0.0,0.9539
2266,0.999,0.9998,0.0079,0.9222,0.0699,0.0,0.7886,0.0,0.2114
2267,0.9998,1.0,0.0,0.3346,0.6654,0.6337,0.0001,0.0007,0.3655
2268,0.8335,1.0,0.0001,0.9954,0.0046,0.0002,0.6498,0.0,0.35
2269,0.9898,1.0,0.0,0.1312,0.8688,0.0206,0.9787,0.0,0.0006
2270,1.0,0.0,0.0004,0.9996,0.0,0.0,0.0,0.0,1.0
2271,0.9931,1.0,0.0,0.9999,0.0001,0.0,0.1258,0.0,0.8742
2272,0.9799,1.0,0.0011,0.7547,0.2442,0.0005,0.4561,0.0,0.5434
2273,1.0,0.9996,0.0,0.8145,0.1855,0.0165,0.0,0.0,0.9834
2274,0.9663,1.0,0.0003,0.9476,0.0522,0.0002,0.0415,0.0,0.9583
2275,0.982,1.0,0.0,0.0722,0.9278,0.9999,0.0,0.0,0.0
2276,1.0,1.0,0.0,0.906,0.094,0.0,0.0,0.0,1.0
2277,0.9941,0.9999,0.0007,0.9633,0.036,0.0001,0.1368,0.0,0.863
2278,1.0,0.0003,0.0097,0.9902,0.0,0.0,0.0104,0.0,0.9896
2279,1.0,1.0,0.0,0.0002,0.9998,0.9998,0.0,0.0,0.0002
2280,1.0,0.0004,0.0022,0.9978,0.0,0.0,0.0262,0.0002,0.9736
2281,1.0,0.0002,0.0204,0.9796,0.0,0.0,0.0275,0.002,0.9704
2282,0.9999,1.0,0.0,0.9933,0.0067,0.0,0.0001,0.0,0.9999
2283,0.9989,1.0,0.001,0.0684,0.9306,0.9982,0.0001,0.0,0.0017
2284,1.0,1.0,0.5389,0.0479,0.4132,0.0202,0.9345,0.0,0.0452
2285,1.0,1.0,0.9989,0.0002,0.0009,0.0,1.0,0.0,0.0
2286,0.9912,1.0,0.0,0.7125,0.2874,0.0038,0.3401,0.0,0.6561
2287,0.9836,1.0,0.0,0.9582,0.0417,0.0005,0.0012,0.0,0.9983
2288,1.0,1.0,0.0,0.0039,0.9961,0.9795,0.0,0.0,0.0205
2289,0.9999,1.0,0.001,0.9989,0.0,0.0,0.9999,0.0,0.0001
2290,0.0015,1.0,0.0,0.0,1.0,0.9999,0.0,0.0,0.0001
2291,0.9992,1.0,0.0022,0.2854,0.7123,0.0286,0.003,0.0,0.9684
2292,0.9993,1.0,0.0001,0.8889,0.111,0.0002,0.0027,0.0,0.9971
2293,0.0034,1.0,0.0,0.0397,0.9603,0.9906,0.0,0.0,0.0094
2294,1.0,0.0,0.2942,0.7058,0.0,0.0,0.1789,0.0,0.8211
2295,0.7992,1.0,0.0,0.0003,0.9997,1.0,0.0,0.0,0.0
2296,1.0,1.0,0.0,0.0525,0.9475,0.9982,0.0018,0.0,0.0
2297,1.0,0.9999,0.0065,0.9262,0.0673,0.0001,0.0138,0.0002,0.9859
2298,0.8818,1.0,0.0004,0.968,0.0316,0.0002,0.0197,0.0,0.9801
2299,1.0,0.9996,0.0,0.0027,0.9973,0.9972,0.0025,0.0,0.0003
2300,0.9681,0.9978,0.0,0.999,0.001,0.0,0.0043,0.0002,0.9954
2301,0.9724,1.0,0.0016,0.9378,0.0606,0.0001,0.0573,0.0,0.9426
2302,0.9999,1.0,0.0009,0.9926,0.0064,0.0,0.2971,0.0,0.7029
2303,1.0,1.0,0.0,0.4252,0.5748,0.0016,0.0,0.0,0.9984
2304,0.9827,1.0,0.0011,0.0282,0.9707,0.6329,0.0116,0.0,0.3555
2305,1.0,0.0002,0.0029,0.997,0.0001,0.0,0.0273,0.0005,0.9722
2307,1.0,0.0001,0.0159,0.9841,0.0,0.0,0.0264,0.0022,0.9715
2308,1.0,0.0004,0.0003,0.9997,0.0,0.0,0.0046,0.0003,0.9951
2309,0.9996,1.0,0.0012,0.5818,0.417,0.0021,0.2308,0.0001,0.7669
2310,1.0,1.0,0.0016,0.8536,0.1448,0.0001,0.3038,0.0,0.6961
2311,1.0,0.0,0.1272,0.8728,0.0,0.0,0.923,0.0001,0.077
2312,0.0522,0.9999,0.0,0.9957,0.0043,0.0003,0.0874,0.0,0.9123
2313,0.9996,1.0,0.001,0.9385,0.0606,0.0001,0.1226,0.0,0.8772
2314,0.999,0.9999,0.0001,0.9992,0.0006,0.0,1.0,0.0,0.0
2315,0.0055,1.0,0.0013,0.9583,0.0404,0.0004,0.032,0.0,0.9675
2316,1.0,1.0,0.8116,0.1862,0.0022,0.0,0.9995,0.0,0.0005
2317,1.0,1.0,0.1659,0.8122,0.0219,0.0001,0.4711,0.0001,0.5287
2318,1.0,1.0,0.0528,0.9205,0.0267,0.0,0.0105,0.0001,0.9894
2319,0.9989,1.0,0.0,0.9824,0.0176,0.0003,0.0206,0.0,0.9791
2320,1.0,1.0,0.0,0.9834,0.0166,0.0065,0.0,0.0,0.9935
2321,0.9945,1.0,0.0003,0.6057,0.394,0.0008,0.0116,0.0,0.9876
2322,0.9945,1.0,0.0,0.7007,0.2993,0.9119,0.0,0.0021,0.086
2323,1.0,0.9998,0.0454,0.9536,0.0009,0.0,0.2245,0.0001,0.7754
2324,0.9987,1.0,0.0,0.5318,0.4682,0.0011,0.0001,0.0001,0.9987
2325,0.0071,1.0,0.0,0.9939,0.0061,0.0003,0.0334,0.0,0.9663
2326,1.0,1.0,0.7528,0.2416,0.0056,0.0,0.9122,0.0,0.0878
2327,1.0,1.0,0.0846,0.6611,0.2543,0.0001,0.7602,0.0,0.2397
2328,1.0,1.0,0.0006,0.9895,0.0099,0.0,0.0443,0.0,0.9557
2329,0.0539,0.9999,0.0016,0.9555,0.043,0.0001,0.0201,0.0,0.9798
2330,1.0,1.0,0.0001,0.928,0.0718,0.0,0.0006,0.0,0.9994
2331,0.9995,1.0,0.001,0.8129,0.1862,0.0001,0.0015,0.0,0.9984
2332,0.9938,1.0,0.0016,0.9652,0.0332,0.0001,0.8104,0.0,0.1895
2333,0.6893,0.9997,0.0002,0.9799,0.0199,0.0003,0.1261,0.0,0.8736
2334,1.0,1.0,0.9951,0.0049,0.0,0.0,1.0,0.0,0.0
2335,0.0576,1.0,0.0,0.9974,0.0026,0.0002,0.0267,0.0,0.973
2336,1.0,1.0,0.0,0.6612,0.3388,0.0003,0.0,0.0001,0.9996
2337,1.0,0.0001,0.996,0.0022,0.0018,0.0006,0.9348,0.0001,0.0646
2338,1.0,1.0,0.0001,0.9399,0.0601,0.0019,0.2651,0.0,0.7329
2339,0.0313,0.9999,0.0,0.9978,0.0021,0.0001,0.0245,0.0,0.9753
2340,0.9997,1.0,0.0005,0.8109,0.1886,0.0002,0.0219,0.0,0.9779
2341,1.0,1.0,0.0001,0.9955,0.0045,0.0,0.0069,0.0,0.9931
2342,1.0,1.0,0.0,0.9986,0.0014,0.0001,0.0074,0.0001,0.9924
2343,0.9998,0.9999,0.0082,0.4074,0.5844,0.0007,0.1821,0.0001,0.8171
2344,0.9994,1.0,0.2445,0.7554,0.0001,0.0001,0.9156,0.0,0.0843
2345,1.0,1.0,0.3522,0.6383,0.0095,0.0,0.9935,0.0,0.0065
2346,1.0,0.0,0.5019,0.4981,0.0,0.0,0.6373,0.0,0.3627
2347,1.0,1.0,0.0017,0.9983,0.0,0.0,0.0,0.0,1.0
2348,0.992,0.9998,0.0021,0.9976,0.0003,0.0,0.9981,0.0,0.0018
2349,0.2255,1.0,0.0007,0.8866,0.1127,0.0004,0.0346,0.0,0.965
2350,1.0,0.9999,0.0929,0.8791,0.028,0.0001,0.2731,0.0001,0.7267
2351,0.9999,0.0,0.0073,0.9925,0.0002,0.0,0.0003,0.0,0.9997
2352,0.1535,0.9997,0.0001,0.9971,0.0028,0.0001,0.1116,0.0,0.8882
2353,0.9999,1.0,0.0008,0.446,0.5532,0.0007,0.0026,0.0001,0.9967
2354,1.0,1.0,0.0152,0.9848,0.0,0.0,0.0,0.0,1.0
2355,0.9982,1.0,0.0,0.9922,0.0078,0.0,0.9999,0.0,0.0001
2356,1.0,1.0,0.0293,0.9665,0.0043,0.0,0.1322,0.0001,0.8678
2357,0.9993,1.0,0.0076,0.3514,0.641,0.0006,0.1373,0.0,0.8621
2358,1.0,1.0,0.9999,0.0001,0.0,0.0,1.0,0.0,0.0
2359,1.0,1.0,0.0105,0.8996,0.0899,0.0001,0.0757,0.0,0.9242
2360,0.9994,1.0,0.0008,0.8811,0.1181,0.0005,0.6443,0.0,0.3553
2361,0.0084,1.0,0.0004,0.9342,0.0654,0.0014,0.1789,0.0,0.8198
2362,0.9987,1.0,0.0014,0.9562,0.0423,0.0087,0.8589,0.0,0.1323
2363,1.0,1.0,0.0074,0.992,0.0006,0.0037,0.8446,0.0,0.1517
2364,1.0,1.0,0.0003,0.7511,0.2486,0.0004,0.0032,0.0,0.9963
2365,1.0,1.0,0.0,0.652,0.348,0.0769,0.0007,0.0,0.9223
2366,1.0,1.0,0.0241,0.9698,0.0061,0.0,0.047,0.0,0.953
2367,1.0,0.0,0.0003,0.9997,0.0,0.0,0.001,0.0,0.999
2368,0.9999,1.0,0.0018,0.3707,0.6275,0.0005,0.0033,0.0001,0.9961
2369,1.0,1.0,0.2181,0.7817,0.0002,0.0,1.0,0.0,0.0
2370,1.0,1.0,0.0165,0.9699,0.0136,0.0,0.5897,0.0,0.4103
2371,0.9999,1.0,0.0,0.9954,0.0046,0.0001,0.0015,0.0001,0.9984
2372,0.9997,1.0,0.0,0.0006,0.9994,0.6086,0.0,0.0,0.3914
2373,1.0,1.0,0.0245,0.7697,0.2058,0.3015,0.0003,0.0003,0.6979
2374,1.0,1.0,0.5632,0.4368,0.0,0.0,1.0,0.0,0.0
2375,0.0309,1.0,0.0037,0.8782,0.1181,0.0006,0.4585,0.0,0.5409
2376,0.8904,1.0,0.0052,0.6107,0.3842,0.0004,0.0704,0.0,0.9291
2377,0.9989,1.0,0.0002,0.5809,0.4189,0.0029,0.013,0.0,0.984
2378,0.0335,1.0,0.0174,0.2276,0.755,0.7472,0.0081,0.0,0.2447
2379,1.0,1.0,0.0038,0.9961,0.0001,0.0,0.0,0.0,0.9999
2380,1.0,1.0,0.0,0.9831,0.0169,0.0001,0.001,0.0,0.9989
2381,0.3887,1.0,0.0001,0.6583,0.3416,0.4313,0.0008,0.0,0.5679
2382,0.9548,1.0,0.0001,0.6912,0.3087,0.0158,0.9712,0.0,0.013
2383,0.2102,0.9997,0.0,0.9995,0.0005,0.0002,0.8883,0.0,0.1115
2384,0.9863,1.0,0.0241,0.8982,0.0777,0.0001,0.1661,0.0,0.8338
2385,0.9993,1.0,0.0023,0.9975,0.0002,0.0,1.0,0.0,0.0
2386,0.9999,0.0006,0.0007,0.9992,0.0,0.0,0.0091,0.0006,0.9902
2387,0.9997,0.9907,0.0,0.0018,0.9982,0.999,0.0,0.0,0.0009
2388,0.9908,1.0,0.0008,0.8063,0.193,0.0008,0.22,0.0,0.7792
2389,1.0,0.9996,0.0011,0.9507,0.0482,0.0015,0.9985,0.0,0.0
2390,0.9992,1.0,0.0001,0.832,0.1679,0.0004,0.0034,0.0,0.9962
2391,0.9973,0.9999,0.0001,0.9998,0.0002,0.0,0.1051,0.0,0.8948
2392,0.2143,1.0,0.0002,0.9521,0.0477,0.0011,0.0448,0.0,0.9541
2393,1.0,1.0,0.0002,0.809,0.1908,0.0001,0.0001,0.0,0.9998
2394,0.9978,1.0,0.0018,0.9359,0.0623,0.0,1.0,0.0,0.0
2395,0.997,0.997,0.0052,0.9786,0.0163,0.7374,0.0027,0.0683,0.1916
2396,0.9841,1.0,0.0001,0.2006,0.7994,0.0042,0.9912,0.0,0.0046
2397,0.9857,1.0,0.0103,0.595,0.3947,0.0004,0.2597,0.0,0.7399
2398,0.9996,1.0,0.0,0.0119,0.988,0.9856,0.0011,0.0,0.0133
2399,0.5681,1.0,0.474,0.2447,0.2812,0.0122,0.0025,0.0,0.9853
2400,0.8737,1.0,0.004,0.9194,0.0766,0.0002,0.26,0.0,0.7398
2401,0.012,1.0,0.0008,0.9486,0.0506,0.0005,0.0411,0.0,0.9584
2402,1.0,0.0,0.0001,0.9999,0.0,0.0,0.0,0.0,1.0
2403,0.9999,1.0,0.143,0.8445,0.0125,0.0,0.8314,0.0,0.1686
2404,1.0,1.0,0.0002,0.4322,0.5676,0.0003,0.0001,0.0,0.9995
2405,0.2615,0.9998,0.0001,0.9869,0.013,0.0004,0.0089,0.0,0.9906
2406,1.0,0.0002,0.0345,0.9655,0.0,0.0,0.0,0.0,1.0
2407,0.0939,1.0,0.0006,0.3172,0.6822,0.9422,0.0022,0.0,0.0556
2408,1.0,0.0,0.1854,0.8145,0.0001,0.0,0.0008,0.0,0.9992
2409,0.9999,1.0,0.0002,0.7153,0.2845,0.0004,0.0116,0.0,0.988
2410,1.0,0.9783,0.0034,0.6959,0.3007,0.0007,0.9992,0.0,0.0001
2411,0.9798,0.9998,0.0002,0.9946,0.0052,0.0,0.0398,0.0,0.9602
2412,0.8886,1.0,0.0003,0.8936,0.1062,0.0006,0.802,0.0,0.1974
2413,1.0,0.0,0.0025,0.9975,0.0001,0.0,0.0022,0.0,0.9978
2414,1.0,1.0,0.001,0.2712,0.7278,0.0142,0.0,0.0,0.9858
2415,1.0,1.0,0.0004,0.9995,0.0,0.0,0.9997,0.0,0.0003
2416,0.0003,0.9998,0.0,0.0,1.0,1.0,0.0,0.0,0.0
2417,0.9887,1.0,0.0,0.9915,0.0085,0.0002,0.0062,0.0,0.9936
2418,0.1213,0.9999,0.0,0.9995,0.0004,0.0001,0.1757,0.0,0.8242
2419,0.3882,1.0,0.0028,0.6715,0.3257,0.0004,0.0087,0.0,0.9909
2420,0.9987,1.0,0.002,0.9949,0.0031,0.0001,0.9859,0.0,0.014
2421,0.036,0.9999,0.0005,0.8107,0.1887,0.0022,0.0119,0.0,0.9859
2422,0.9999,1.0,0.0,0.8,0.1999,0.0002,0.0,0.0,0.9998
2423,0.9997,1.0,0.0005,0.0536,0.9459,0.997,0.0,0.003,0.0
2424,0.9999,0.9999,0.1932,0.8013,0.0056,0.0,0.9947,0.0,0.0053
2425,0.0361,1.0,0.9991,0.0008,0.0001,0.0013,0.0004,0.0006,0.9976
2426,0.7886,1.0,0.0001,0.0028,0.9971,0.2496,0.0,0.0001,0.7504
2427,1.0,0.1953,0.0213,0.9724,0.0062,0.0,0.0296,0.0001,0.9702
2429,1.0,1.0,0.4412,0.5561,0.0026,0.0,1.0,0.0,0.0
2430,1.0,1.0,0.0,0.9936,0.0064,0.0006,0.0,0.0001,0.9993
2431,1.0,1.0,0.0003,0.9977,0.002,0.0,0.8772,0.0,0.1228
2432,0.619,1.0,0.0125,0.9244,0.0632,0.0001,0.1035,0.0,0.8964
2433,0.9999,1.0,0.0005,0.8211,0.1783,0.0001,0.0041,0.0,0.9957
2434,1.0,1.0,0.0138,0.9818,0.0044,0.0,0.2616,0.0001,0.7383
2435,0.0028,0.9999,0.0001,0.9979,0.002,0.0002,0.0178,0.0,0.982
2436,1.0,0.0012,0.0196,0.9803,0.0001,0.0,0.0406,0.0007,0.9587
2437,0.0876,0.9999,0.0001,0.974,0.0259,0.0003,0.0047,0.0,0.995
2438,1.0,0.0,0.0,0.0075,0.9925,0.0144,0.0,0.0,0.9856
2439,0.9987,1.0,0.0002,0.917,0.0828,0.0002,0.0113,0.0,0.9885
2440,0.9998,1.0,0.0002,0.8582,0.1415,0.0002,0.0006,0.0,0.9991
2441,0.0972,1.0,0.0763,0.9234,0.0004,0.0,0.992,0.0,0.008
2442,1.0,1.0,0.0001,0.9009,0.099,0.0001,0.0001,0.0,0.9998
2443,0.9997,1.0,0.0,0.8864,0.1136,0.0045,0.0045,0.0,0.991
2444,0.9523,0.9475,0.0018,0.9933,0.0049,0.0,0.0719,0.0002,0.9279
2445,1.0,1.0,0.0022,0.3687,0.629,0.0003,0.0101,0.0,0.9895
2446,0.0081,0.9999,0.0,0.993,0.007,0.0002,0.0036,0.0,0.9963
2447,1.0,0.0,0.5207,0.4748,0.0044,0.1255,0.647,0.0075,0.22
2448,0.9991,1.0,0.0016,0.2949,0.7035,0.9443,0.0375,0.0,0.0181
2449,0.9959,1.0,0.2163,0.7719,0.0117,0.0,0.9997,0.0,0.0003
2450,0.8637,1.0,0.0012,0.1798,0.819,0.0023,0.132,0.0,0.8657
2451,0.9986,1.0,0.0,1.0,0.0,0.0,0.7776,0.0,0.2223
2452,0.998,1.0,0.0205,0.4684,0.511,0.0002,0.7924,0.0,0.2074
2453,1.0,1.0,0.0411,0.6149,0.3441,0.8536,0.0,0.0006,0.1458
2454,1.0,1.0,0.0028,0.9968,0.0004,0.0,1.0,0.0,0.0
2455,0.8954,1.0,0.0025,0.7339,0.2637,0.0004,0.0657,0.0,0.9339
2456,0.9997,1.0,0.0638,0.8446,0.0916,0.0001,0.0977,0.0,0.9022
2457,0.9998,1.0,0.0,0.9809,0.0191,0.0001,0.0001,0.0001,0.9997
2458,0.9995,1.0,0.018,0.9528,0.0292,0.0,0.9993,0.0,0.0007
2459,1.0,0.0,0.1833,0.8167,0.0,0.0,0.0512,0.0001,0.9487
2460,1.0,0.0002,0.0004,0.9994,0.0002,0.0,0.0086,0.0001,0.9914
2461,0.9999,1.0,0.0024,0.6463,0.3513,0.0002,0.0023,0.0,0.9975
2462,0.9998,1.0,0.0088,0.8264,0.1648,0.0001,0.111,0.0,0.8888
2463,1.0,0.0,0.2633,0.7367,0.0,0.0,0.0356,0.0002,0.9642
2464,1.0,0.0,0.9859,0.0141,0.0,0.0,0.9977,0.0,0.0023
2465,0.9997,1.0,0.0153,0.9756,0.0091,0.0002,0.0,0.0001,0.9998
2466,1.0,1.0,0.0003,0.9996,0.0002,0.0001,0.0,0.0009,0.999
2467,1.0,1.0,0.5643,0.4277,0.008,0.0005,0.0,0.0117,0.9878
2468,1.0,1.0,0.0,0.5899,0.4101,0.0005,0.0002,0.0,0.9993
2469,1.0,1.0,0.0001,0.2713,0.7286,0.033,0.9667,0.0,0.0003
2470,1.0,1.0,0.0095,0.5721,0.4183,0.0005,0.014,0.0001,0.9854
2471,1.0,0.9999,0.0707,0.9289,0.0004,0.0047,0.9689,0.0,0.0264
2472,0.9994,1.0,0.0008,0.7984,0.2009,0.0002,0.0124,0.0,0.9874
2473,1.0,1.0,0.0,0.6854,0.3146,0.0079,0.0,0.0,0.9921
2474,0.9004,1.0,0.0005,0.4174,0.5821,0.0057,0.5286,0.0,0.4657
2475,0.9998,1.0,0.0011,0.8794,0.1195,0.0004,0.1377,0.0,0.8619
2476,1.0,1.0,0.0051,0.9918,0.0031,0.0,0.9986,0.0,0.0014
2477,1.0,1.0,0.0,0.0059,0.9941,0.9998,0.0,0.0,0.0002
2478,0.9998,1.0,0.0003,0.9977,0.002,0.0,0.6713,0.0,0.3286
2479,0.0208,1.0,0.0,0.9928,0.0071,0.0004,0.0815,0.0,0.9181
2480,0.896,1.0,0.0,0.0189,0.9811,0.992,0.0048,0.0,0.0031
2481,0.9996,1.0,0.0004,0.2494,0.7502,0.7553,0.0358,0.0,0.209
2482,1.0,0.0,0.0472,0.9528,0.0,0.0,0.0004,0.0,0.9996
2483,1.0,1.0,0.5898,0.4096,0.0006,0.0,0.9996,0.0,0.0004
2484,1.0,1.0,0.0005,0.9487,0.0508,0.0001,0.0698,0.0,0.9301
2485,1.0,0.0,0.2993,0.7007,0.0,0.0,0.5918,0.0,0.4082
2486,1.0,0.0003,0.0006,0.9994,0.0,0.0,0.0169,0.002,0.9811
2487,0.9901,0.0557,0.0099,0.9717,0.0184,0.0004,0.2223,0.0006,0.7767
2488,1.0,1.0,0.0029,0.9863,0.0108,0.0001,0.0958,0.0,0.9041
2489,0.6816,1.0,0.0001,0.0547,0.9452,0.0452,0.0113,0.0001,0.9434
2490,0.9996,1.0,0.0009,0.9984,0.0007,0.0,0.9248,0.0,0.0752
2491,0.9999,1.0,0.0382,0.7459,0.2159,0.0004,0.9984,0.0,0.0012
2492,1.0,1.0,0.0001,0.974,0.0259,0.0,1.0,0.0,0.0
2493,1.0,1.0,0.1195,0.7474,0.1331,0.8051,0.0924,0.0,0.1025
2494,1.0,1.0,0.0,0.3948,0.6052,0.3176,0.0095,0.0,0.6728
2495,0.9376,1.0,0.0001,0.9863,0.0136,0.0002,0.1802,0.0,0.8195
2496,1.0,0.0,0.0572,0.9428,0.0,0.0,0.034,0.0,0.9659
2497,1.0,1.0,0.0193,0.9217,0.0589,0.3681,0.6029,0.0,0.0291
2498,1.0,1.0,0.0001,0.8893,0.1106,0.0001,0.0002,0.0,0.9998
2499,0.9984,0.0017,0.0,0.9999,0.0001,0.0,0.0017,0.0004,0.9978
2500,1.0,1.0,0.0723,0.9205,0.0072,0.0,0.0624,0.0,0.9376
2501,0.9973,1.0,0.0001,0.8506,0.1493,0.0004,0.0056,0.0,0.994
2502,0.0487,0.9999,0.0001,0.9979,0.002,0.0001,0.1156,0.0,0.8843
2503,0.9999,1.0,0.0,0.0012,0.9988,0.9998,0.0,0.0,0.0002
2504,1.0,1.0,0.2205,0.7421,0.0375,0.0,0.6471,0.0,0.3529
2505,1.0,1.0,0.0004,0.8742,0.1254,0.0002,0.0011,0.0,0.9986
2506,1.0,0.0003,0.0004,0.9996,0.0,0.0,0.0149,0.0004,0.9846
2507,0.1288,1.0,0.0,0.0001,0.9999,1.0,0.0,0.0,0.0
2508,0.9998,1.0,0.001,0.9906,0.0084,0.017,0.0458,0.0,0.9372
2509,0.9985,1.0,0.0007,0.7931,0.2062,0.0003,0.0175,0.0,0.9822
2510,1.0,1.0,0.0414,0.0133,0.9453,0.0004,0.0,0.0,0.9996
2511,0.3463,0.9999,0.0011,0.9043,0.0946,0.0003,0.0352,0.0,0.9644
2512,0.9996,1.0,0.0023,0.973,0.0246,0.0002,0.2254,0.0,0.7744
2513,0.9999,1.0,0.0001,0.998,0.0019,0.0,0.0171,0.0001,0.9828
2514,1.0,1.0,0.0001,0.0126,0.9873,0.9972,0.0,0.0004,0.0024
2515,1.0,1.0,0.0011,0.0197,0.9793,0.002,0.0002,0.0,0.9978
2516,0.0064,1.0,0.0,0.0083,0.9917,0.9982,0.0005,0.0,0.0013
2517,1.0,1.0,0.0001,0.0661,0.9338,0.0023,0.0004,0.0001,0.9973
2518,0.8714,1.0,0.0345,0.8852,0.0803,0.0001,0.9996,0.0,0.0003
2519,0.9999,1.0,0.0,0.9728,0.0271,0.1079,0.0071,0.0002,0.8848
2520,0.0015,0.9998,0.0,0.9974,0.0026,0.0005,0.0133,0.0,0.9862
2521,0.946,0.9993,0.0009,0.9752,0.0239,0.0001,0.0115,0.0001,0.9883
2522,1.0,0.0005,0.0165,0.9834,0.0001,0.0,0.0185,0.0021,0.9794
2523,1.0,1.0,0.0002,0.9997,0.0001,0.0,0.9811,0.0,0.0189
2524,1.0,1.0,0.0,0.0163,0.9837,0.4932,0.0005,0.0,0.5063
2525,1.0,1.0,0.0276,0.9219,0.0505,0.0001,0.3169,0.0,0.6829
2526,1.0,1.0,0.6729,0.2628,0.0643,0.0001,0.2985,0.0002,0.7012
2527,0.999,1.0,0.0878,0.1001,0.8121,0.7379,0.0001,0.0002,0.2619
2528,1.0,1.0,0.5813,0.3432,0.0756,0.0,1.0,0.0,0.0
2529,0.0261,1.0,0.0,0.0002,0.9998,0.9999,0.0,0.0,0.0001
2530,0.9996,1.0,0.1892,0.7905,0.0203,0.0,0.9587,0.0,0.0413
2531,1.0,1.0,0.0,0.0119,0.9881,0.9997,0.0001,0.0,0.0001
2532,1.0,1.0,0.0001,0.4894,0.5106,0.0003,0.0001,0.0,0.9996
2533,1.0,1.0,0.0002,0.1664,0.8334,0.0004,0.0001,0.0,0.9996
2534,0.9158,1.0,0.0,0.0041,0.9959,0.9998,0.0,0.0,0.0002
2535,0.9888,0.9998,0.0876,0.9108,0.0017,0.0,0.9308,0.0,0.0692
2536,0.8655,1.0,0.0,0.9976,0.0024,0.0001,0.0926,0.0,0.9073
2537,1.0,0.1634,0.634,0.3658,0.0001,0.0,0.2365,0.0001,0.7635
2538,1.0,1.0,0.0,0.0018,0.9982,0.9959,0.0041,0.0,0.0
2539,1.0,0.0021,0.0037,0.9962,0.0002,0.0,0.0147,0.0001,0.9853
2540,0.951,1.0,0.0009,0.9727,0.0264,0.0001,0.3805,0.0,0.6194
2541,1.0,1.0,0.0015,0.9795,0.019,0.0,0.0547,0.0,0.9452
2542,0.905,1.0,0.0003,0.9985,0.0012,0.0,0.1276,0.0,0.8724
2543,0.993,0.9995,0.0055,0.9567,0.0378,0.0001,0.1808,0.0,0.8191
2544,1.0,0.0002,0.0034,0.9966,0.0,0.0,0.0413,0.0004,0.9583
2545,1.0,0.9998,0.8186,0.169,0.0124,0.0002,0.9998,0.0,0.0
2546,0.9941,1.0,0.051,0.9165,0.0324,0.0,0.9885,0.0,0.0115
2547,0.8795,1.0,0.0009,0.9495,0.0496,0.0002,0.1562,0.0,0.8435
2548,0.9248,1.0,0.0004,0.6412,0.3585,0.0016,0.019,0.0,0.9794
2549,1.0,0.0,0.9757,0.0076,0.0167,0.6965,0.2914,0.0077,0.0045
2550,1.0,1.0,0.0066,0.2971,0.6963,0.9907,0.0,0.0027,0.0066
2551,1.0,0.0,0.0,1.0,0.0,0.0,0.0,0.0,1.0
2552,0.9999,1.0,0.0001,0.0174,0.9825,0.9655,0.0001,0.0,0.0344
2553,1.0,1.0,0.0037,0.8512,0.1451,0.0001,0.0177,0.0,0.9822
2554,0.0834,1.0,0.0007,0.8472,0.1521,0.0009,0.9495,0.0,0.0497
2555,1.0,1.0,0.0244,0.8941,0.0815,0.0,1.0,0.0,0.0
2556,0.2782,0.9904,0.0011,0.985,0.0139,0.0002,0.0577,0.0003,0.9418
2557,1.0,1.0,0.0001,0.0174,0.9824,0.1847,0.6814,0.0,0.1339
2558,0.1135,0.9996,0.0,0.0002,0.9998,0.9964,0.0,0.0003,0.0033
2559,1.0,1.0,0.0,0.3871,0.6129,0.1308,0.0,0.0004,0.8688
2560,1.0,1.0,0.0,0.0007,0.9993,0.9408,0.0001,0.0,0.0591
2561,1.0,0.9691,0.0001,0.0429,0.957,0.6347,0.3634,0.0001,0.0018
2562,1.0,0.0,0.0012,0.9988,0.0,0.0,0.0001,0.0,0.9999
2563,0.9997,1.0,0.0021,0.3325,0.6655,0.0003,0.0163,0.0,0.9834
2564,0.9995,1.0,0.0004,0.933,0.0666,0.0001,0.011,0.0,0.9889
2565,1.0,1.0,0.0,0.197,0.803,0.9972,0.0,0.0002,0.0027
2566,1.0,1.0,0.0024,0.6265,0.3711,0.5332,0.0012,0.0001,0.4655
2567,0.0791,1.0,0.0002,0.966,0.0338,0.0004,0.0043,0.0,0.9953
2568,1.0,1.0,0.0097,0.8793,0.1109,0.0001,0.0085,0.0001,0.9913
2569,1.0,1.0,0.0005,0.6974,0.3021,0.0955,0.9045,0.0,0.0
2570,0.9999,0.9999,0.2397,0.7261,0.0342,0.0001,0.042,0.0002,0.9577
2571,0.9653,1.0,0.0035,0.7652,0.2313,0.0006,0.2485,0.0,0.7509
2572,1.0,0.0003,0.0018,0.9981,0.0001,0.0,0.0028,0.003,0.9943
2573,0.0033,0.9997,0.0,0.9992,0.0007,0.0001,0.0123,0.0,0.9876
2574,0.1977,1.0,0.0,0.0,1.0,1.0,0.0,0.0,0.0
2575,0.9993,1.0,0.0001,0.9953,0.0046,0.0002,0.5146,0.0,0.4852
2576,0.9788,1.0,0.013,0.9797,0.0073,0.0,0.4394,0.0,0.5606
2577,0.0003,1.0,0.0,0.0,1.0,1.0,0.0,0.0,0.0
2578,0.0154,1.0,0.0002,0.9284,0.0714,0.0025,0.1921,0.0,0.8053
2579,0.9284,1.0,0.0,0.1386,0.8614,0.9999,0.0,0.0,0.0001
2580,0.0111,1.0,0.0001,0.9675,0.0325,0.0009,0.0082,0.0,0.9909
2581,0.9262,1.0,0.0002,0.9807,0.0192,0.0001,0.1861,0.0,0.8138
2582,0.99,1.0,0.0012,0.62,0.3789,0.0005,0.0653,0.0,0.9342
2583,0.9998,0.0299,0.0061,0.9936,0.0003,0.0,0.0305,0.0003,0.9692
2584,1.0,0.0,0.8098,0.1902,0.0,0.0,0.9868,0.0,0.0132
2585,0.9713,0.9991,0.0281,0.9674,0.0044,0.0,0.715,0.0,0.285
2586,1.0,1.0,0.0008,0.7285,0.2707,0.0003,0.005,0.0,0.9946
2587,0.0114,1.0,0.0001,0.6218,0.3781,0.0033,0.0052,0.0,0.9915
2588,0.9847,1.0,0.2727,0.4027,0.3246,0.0,0.9793,0.0,0.0206
2589,0.9993,1.0,0.0,0.8119,0.1881,0.0001,0.9999,0.0,0.0
2590,0.9996,1.0,0.0723,0.9157,0.012,0.0,1.0,0.0,0.0
2591,0.9995,1.0,0.0001,0.756,0.2439,0.0004,0.0225,0.0,0.9771
2592,1.0,0.0006,0.047,0.9529,0.0001,0.0,0.0,0.0,1.0
2593,1.0,1.0,0.8168,0.179,0.0043,0.0,0.9931,0.0,0.0069
2594,0.996,1.0,0.0002,0.9998,0.0001,0.0,0.0002,0.0,0.9998
2595,1.0,1.0,0.0969,0.8687,0.0344,0.0,0.9423,0.0,0.0577
2596,1.0,1.0,0.0352,0.6402,0.3246,0.0,0.9764,0.0,0.0236
2597,1.0,0.0,0.0009,0.9991,0.0,0.0,0.0039,0.0,0.996
2598,1.0,0.9999,0.0014,0.9979,0.0007,0.0003,0.7194,0.0,0.2802
2599,0.8903,0.9927,0.0027,0.9881,0.0092,0.0,0.1188,0.0001,0.8811
2600,1.0,0.0004,0.9052,0.0948,0.0,0.0001,0.4902,0.0,0.5097
2601,0.1047,0.9997,0.0001,0.9918,0.0081,0.0002,0.1253,0.0,0.8745
2602,0.9991,1.0,0.0,0.989,0.011,0.0002,0.6251,0.0,0.3747
2603,1.0,0.0,0.0101,0.9899,0.0,0.0,0.0217,0.0,0.9782
2604,0.9998,1.0,0.0,0.9982,0.0018,0.0,1.0,0.0,0.0
2605,1.0,1.0,0.0,0.4859,0.5141,0.002,0.0,0.0,0.998
2606,0.9992,1.0,0.3336,0.6454,0.021,0.0,0.9884,0.0,0.0116
2607,1.0,0.0,0.0046,0.9043,0.0911,0.0102,0.0003,0.0063,0.9832
2608,1.0,0.0007,0.0009,0.9991,0.0,0.0,0.0141,0.002,0.9839
2609,0.9976,0.9998,0.0168,0.7725,0.2106,0.0001,0.284,0.0,0.7158
2610,0.6623,1.0,0.0,0.9974,0.0026,0.0007,0.9874,0.0,0.0118
2611,0.9963,0.0188,0.0018,0.9976,0.0005,0.0,0.0106,0.0013,0.9881
2612,1.0,1.0,0.0025,0.9962,0.0014,0.0,0.2964,0.0,0.7036
2613,0.9996,0.0037,0.0004,0.9996,0.0,0.0,0.043,0.0012,0.9558
2614,0.9965,0.9689,0.0037,0.9023,0.094,0.5338,0.3332,0.0111,0.1219
2615,0.9999,0.9999,0.0001,0.8855,0.1144,0.0002,0.0,0.0002,0.9996
2616,0.9999,0.9997,0.0001,0.9771,0.0228,0.0001,0.0028,0.0,0.9971
2617,0.9999,1.0,0.0019,0.9762,0.0219,0.0013,0.0,0.0002,0.9985
2618,0.7373,1.0,0.0,0.9077,0.0923,0.0003,0.0005,0.0,0.9993
2619,1.0,1.0,0.0552,0.068,0.8768,0.0001,0.0,0.0,0.9999
2620,1.0,1.0,0.2969,0.6859,0.0172,0.9666,0.0,0.0328,0.0006
2621,0.9999,1.0,0.0,0.9396,0.0604,0.0017,0.0378,0.0,0.9605
2622,0.0072,0.9999,0.0,0.9934,0.0065,0.0013,0.0506,0.0,0.9481
2623,0.6672,0.9999,0.0002,0.9869,0.0129,0.0001,0.0162,0.0,0.9837
2624,0.4077,1.0,0.0047,0.7297,0.2656,0.0,0.9975,0.0,0.0025
2625,1.0,1.0,0.0002,0.1879,0.8119,0.9992,0.0,0.0003,0.0005
2626,0.8655,0.9999,0.0023,0.9761,0.0216,0.0,0.9389,0.0,0.0611
2627,1.0,1.0,0.5561,0.4438,0.0001,0.0,0.9998,0.0,0.0002
2628,1.0,1.0,0.0801,0.9195,0.0004,0.0,0.9996,0.0,0.0004
2629,1.0,1.0,0.9506,0.0491,0.0002,0.1949,0.0001,0.2757,0.5293
2630,1.0,1.0,0.0,0.1184,0.8816,0.0008,0.0,0.0,0.9992
2631,0.9982,1.0,0.0,0.9945,0.0055,0.0001,0.0018,0.0001,0.998
2632,0.9907,1.0,0.0,0.9999,0.0001,0.0,0.993,0.0,0.007
2633,0.9787,1.0,0.0313,0.6568,0.3118,0.0005,0.2273,0.0,0.7721
2634,0.9994,1.0,0.0025,0.6683,0.3292,0.0002,0.0151,0.0,0.9847
2635,0.9756,1.0,0.0002,0.9407,0.0591,0.0001,0.0097,0.0,0.9901
2636,1.0,1.0,0.9054,0.0936,0.0011,0.0,0.0416,0.0002,0.9582
2637,1.0,0.0009,0.0872,0.9121,0.0007,0.0,0.0239,0.0005,0.9756
2638,0.8793,1.0,0.0039,0.0818,0.9143,0.0062,0.0999,0.0,0.8939
2639,0.9999,0.9999,0.0016,0.9403,0.0581,0.0001,0.0154,0.0001,0.9843
2640,0.3205,1.0,0.0,0.0013,0.9987,0.9999,0.0,0.0,0.0001
2641,0.0273,0.9393,0.0,0.9997,0.0003,0.0004,0.0001,0.0,0.9995
2642,1.0,1.0,0.7204,0.137,0.1427,0.0,0.0001,0.0,0.9999
2643,0.9637,1.0,0.0,0.9953,0.0047,0.0001,0.0261,0.0,0.9738
2644,0.951,1.0,0.0011,0.9301,0.0688,0.0003,0.0384,0.0,0.9612
2645,0.9993,1.0,0.0082,0.9843,0.0075,0.0,0.9916,0.0,0.0084
2646,0.9996,0.9999,0.0222,0.8938,0.084,0.0001,0.0023,0.0003,0.9974
2647,1.0,0.9974,0.0,0.9703,0.0297,0.002,0.0008,0.0002,0.9969
2648,0.675,1.0,0.0122,0.9378,0.05,0.0002,0.9697,0.0,0.0301
2649,1.0,1.0,0.0024,0.9019,0.0957,0.041,0.0031,0.0001,0.9559
2650,1.0,0.0,0.4276,0.5724,0.0,0.0,0.0361,0.0001,0.9638
2651,1.0,1.0,0.0634,0.8118,0.1248,0.0001,0.7869,0.0,0.213
2652,0.9998,1.0,0.0169,0.5796,0.4035,0.0,0.9846,0.0,0.0154
2653,1.0,1.0,0.0001,0.9387,0.0612,0.0001,0.0012,0.0,0.9986
2654,1.0,1.0,0.7247,0.2752,0.0001,0.0,0.9997,0.0,0.0003
2655,0.9983,1.0,0.0,0.9582,0.0418,0.0005,0.0009,0.0004,0.9982
2656,1.0,1.0,0.0008,0.9477,0.0515,0.0,0.0019,0.0,0.9981
2657,0.0562,1.0,0.0,0.9963,0.0037,0.0001,0.0056,0.0,0.9943
2658,1.0,0.0003,0.027,0.973,0.0,0.0,0.0041,0.0,0.9958
2659,0.9997,1.0,0.0,0.9999,0.0001,0.0,0.9997,0.0,0.0003
2660,0.5209,1.0,0.0011,0.2297,0.7693,0.3698,0.0185,0.0,0.6116
2661,0.9951,1.0,0.0,0.0028,0.9972,0.9992,0.0008,0.0,0.0
2662,0.9997,1.0,0.0013,0.2468,0.7519,0.0021,0.0338,0.0,0.9641
2663,1.0,1.0,0.2863,0.7075,0.0062,0.0006,0.9894,0.0,0.01
2664,0.2645,1.0,0.0004,0.9018,0.0978,0.0013,0.3523,0.0,0.6464
2665,0.9992,1.0,0.2496,0.7498,0.0006,0.0,0.9999,0.0,0.0001
2666,0.9885,1.0,0.0494,0.8232,0.1274,0.0084,0.9875,0.0,0.0041
2667,1.0,1.0,0.0054,0.5826,0.412,0.8535,0.0001,0.0002,0.1462
2668,1.0,1.0,0.0468,0.8459,0.1074,0.0,0.9666,0.0,0.0333
2669,1.0,1.0,0.0184,0.0799,0.9017,0.0243,0.0002,0.0,0.9755
2670,1.0,1.0,0.0,0.949,0.0509,0.0003,0.0002,0.0002,0.9993
2671,0.9821,1.0,0.0002,0.9689,0.031,0.0003,0.3353,0.0,0.6644
2672,1.0,1.0,0.9183,0.0815,0.0002,0.0002,0.0,0.0,0.9998
2673,0.8684,1.0,0.0003,0.401,0.5988,0.0023,0.0047,0.0,0.9929
2674,1.0,0.0007,0.0049,0.9951,0.0,0.0,0.1222,0.0004,0.8774
2675,0.9996,1.0,0.005,0.6592,0.3359,0.0006,0.1915,0.0,0.8078
2676,0.9999,1.0,0.0001,0.9851,0.0148,0.0,0.0003,0.0001,0.9996
2677,1.0,0.0,0.0038,0.9962,0.0,0.0,0.0,0.0,1.0
2678,0.9265,1.0,0.0,0.0,1.0,1.0,0.0,0.0,0.0
2679,0.0277,1.0,0.0002,0.9792,0.0205,0.0002,0.0214,0.0,0.9784
2680,0.9617,1.0,0.0142,0.0178,0.9679,0.0766,0.001,0.0,0.9223
2681,1.0,1.0,0.0,0.0002,0.9998,0.9834,0.0002,0.0,0.0163
2682,1.0,1.0,0.0001,0.9997,0.0002,0.0011,0.7456,0.0001,0.2533
2683,1.0,1.0,0.0007,0.0243,0.9751,0.6809,0.3039,0.0,0.0152
2684,0.9999,1.0,0.0,0.9535,0.0465,0.0001,0.9999,0.0,0.0
2685,1.0,1.0,0.0001,0.6707,0.3292,0.0001,0.0,0.0,0.9998
2686,0.4227,1.0,0.0,0.9899,0.0101,0.0043,0.9707,0.0,0.025
2687,1.0,1.0,0.0599,0.8532,0.087,0.0,0.9999,0.0,0.0
2688,0.9749,1.0,0.0001,0.9638,0.0361,0.551,0.3765,0.0,0.0725
2689,0.1408,0.9999,0.0001,0.9575,0.0424,0.0006,0.0047,0.0,0.9947
2690,1.0,0.0,0.0063,0.9936,0.0001,0.0006,0.0178,0.0,0.9816
2691,0.5145,1.0,0.0034,0.8265,0.1701,0.0004,0.8325,0.0,0.167
2692,1.0,1.0,0.0936,0.9064,0.0001,0.0,0.1109,0.0,0.8891
2693,1.0,0.0,0.0056,0.9944,0.0,0.0,0.0024,0.0,0.9975
2694,1.0,1.0,0.286,0.707,0.007,0.0,0.9885,0.0,0.0115
2695,0.9941,0.9953,0.0248,0.9321,0.0431,0.0015,0.0003,0.0018,0.9964
2696,1.0,1.0,0.0,0.9792,0.0207,0.0,0.0,0.0,1.0
2697,0.8131,1.0,0.0,0.0,1.0,0.9999,0.0,0.0,0.0001
2698,1.0,1.0,0.0,0.1489,0.8511,0.0156,0.9842,0.0,0.0002
2699,0.5936,1.0,0.1351,0.1168,0.7481,0.0799,0.016,0.0,0.9041
2700,0.0447,1.0,0.0051,0.3057,0.6891,0.0012,0.0003,0.0,0.9985
2701,0.9975,1.0,0.0003,0.9527,0.047,0.0002,0.0219,0.0,0.9779
2702,0.992,1.0,0.0,0.6498,0.3502,0.0009,0.0043,0.0,0.9948
2704,1.0,0.0005,0.0011,0.9983,0.0006,0.0,0.0054,0.0009,0.9937
2705,1.0,0.0,0.0,1.0,0.0,0.0,0.0,0.0,1.0
2706,1.0,0.0002,0.0007,0.9993,0.0,0.0,0.0057,0.0005,0.9938
2707,1.0,0.0002,0.0045,0.9954,0.0,0.0,0.0446,0.0033,0.9521
2708,1.0,1.0,0.003,0.7115,0.2855,0.0057,0.9889,0.0,0.0053
2709,1.0,1.0,0.0004,0.9919,0.0078,0.0,0.8216,0.0,0.1784
2710,0.7423,1.0,0.004,0.8295,0.1665,0.0003,0.8227,0.0,0.177
2711,0.8313,1.0,0.0,0.0015,0.9984,0.1125,0.4622,0.0,0.4252
2712,1.0,0.0,0.0874,0.9126,0.0,0.0,0.0004,0.0,0.9996
2713,0.7291,1.0,0.0003,0.7509,0.2489,0.0005,0.0025,0.0,0.9969
2714,0.9989,1.0,0.0369,0.9459,0.0172,0.0003,0.1711,0.0,0.8286
2715,0.4025,0.9999,0.0003,0.9041,0.0955,0.0004,0.0175,0.0,0.9821
2716,1.0,1.0,0.0071,0.9809,0.0121,0.0,0.0095,0.0,0.9904
2717,0.6172,1.0,0.0303,0.2075,0.7622,0.9736,0.0021,0.0,0.0243
2718,1.0,0.0,0.0013,0.9987,0.0,0.0,0.0045,0.0,0.9955
2719,0.861,1.0,0.0001,0.6275,0.3724,0.0122,0.1682,0.0,0.8196
2720,1.0,1.0,0.016,0.9079,0.0761,0.0002,0.0407,0.0001,0.959
2721,0.9881,0.9994,0.0085,0.9915,0.0001,0.0,0.9997,0.0,0.0003
2722,0.0814,1.0,0.0,0.9888,0.0112,0.0005,0.0092,0.0,0.9903
2723,1.0,0.9999,0.0005,0.999,0.0005,0.0,1.0,0.0,0.0
2724,0.9996,1.0,0.2648,0.0342,0.7011,0.7115,0.0,0.0,0.2884
2725,0.0076,1.0,0.0,0.0,1.0,1.0,0.0,0.0,0.0
2726,0.9999,1.0,0.0062,0.9937,0.0002,0.0,0.9988,0.0,0.0012
2727,0.671,1.0,0.0,0.9984,0.0016,0.0003,0.0975,0.0,0.9022
2729,0.9999,1.0,0.0004,0.9624,0.0373,0.0006,0.0609,0.0001,0.9384
2730,0.9981,1.0,0.0,0.0748,0.9252,0.9376,0.0,0.0004,0.062
2731,0.9996,1.0,0.0,1.0,0.0,0.0,0.9997,0.0,0.0003
2732,1.0,1.0,0.9308,0.0337,0.0356,0.0006,0.0008,0.0,0.9986
2733,1.0,0.0,0.3664,0.6336,0.0,0.0,0.8297,0.0,0.1703
2734,1.0,1.0,0.0006,0.9991,0.0002,0.0,0.9863,0.0,0.0137
2735,1.0,1.0,0.0,0.5639,0.436,0.0003,0.0,0.0,0.9997
2736,0.9826,1.0,0.0283,0.9235,0.0482,0.0,0.9564,0.0,0.0436
2737,1.0,1.0,0.7054,0.2917,0.0029,0.0,0.9968,0.0,0.0032
2738,0.9999,0.0029,0.001,0.999,0.0,0.0,0.012,0.0009,0.9871
2739,1.0,1.0,0.0005,0.9701,0.0293,0.0002,0.2849,0.0,0.7149
2740,0.9199,0.9995,0.0007,0.997,0.0023,0.0,0.4809,0.0,0.519
2741,0.9985,1.0,0.7524,0.2465,0.001,0.0,1.0,0.0,0.0
2742,1.0,0.0001,0.0025,0.9975,0.0,0.0,0.0081,0.0009,0.991
2743,0.9999,0.0009,0.0009,0.999,0.0001,0.0,0.0288,0.0007,0.9705
2744,0.6682,1.0,0.0,0.0005,0.9995,1.0,0.0,0.0,0.0
2745,0.9933,1.0,0.0212,0.9777,0.0011,0.0,0.9987,0.0,0.0013
2746,1.0,1.0,0.0,0.9847,0.0152,0.3903,0.3187,0.0,0.291
2747,0.1068,1.0,0.0,0.9873,0.0126,0.0009,0.0368,0.0,0.9624
2748,1.0,1.0,0.0956,0.9037,0.0007,0.0378,0.0017,0.0258,0.9347
2749,1.0,0.0001,0.2646,0.7354,0.0,0.0,0.0008,0.0,0.9992
2750,0.9994,1.0,0.0,0.0006,0.9994,0.9998,0.0,0.0,0.0002
2751,0.9953,1.0,0.0001,0.9984,0.0015,0.0,0.5222,0.0,0.4777
2752,1.0,1.0,0.0001,0.7945,0.2054,0.0001,0.0,0.0,0.9998
2753,1.0,1.0,0.0459,0.5424,0.4117,0.0006,0.6425,0.0,0.3569
2754,0.7195,1.0,0.0007,0.7719,0.2275,0.0037,0.5913,0.0,0.405
2755,0.9893,1.0,0.0,0.9941,0.0059,0.0,0.9984,0.0,0.0015
2756,0.5336,1.0,0.0004,0.9379,0.0617,0.0003,0.1201,0.0,0.8796
2757,0.9977,1.0,0.0002,0.8736,0.1263,0.0012,0.1159,0.0,0.8829
2758,0.998,1.0,0.0001,0.4042,0.5957,0.01,0.0074,0.0001,0.9825
2759,0.9997,1.0,0.0006,0.7167,0.2827,0.0008,0.0028,0.0001,0.9964
2760,1.0,0.0,0.0,1.0,0.0,0.0,0.0,0.0,1.0
2762,1.0,0.0,0.0,0.9989,0.0011,0.0,0.0,0.0,1.0
2763,0.9994,1.0,0.0,0.9822,0.0178,0.0001,0.0001,0.0,0.9998
2764,1.0,1.0,0.0616,0.9381,0.0003,0.0,0.9969,0.0,0.0031
2765,0.9859,1.0,0.0001,0.9735,0.0264,0.3038,0.6754,0.0,0.0208
2766,0.9998,1.0,0.0007,0.9961,0.0031,0.1363,0.4997,0.0002,0.3638
2767,0.6638,1.0,0.0004,0.9616,0.0379,0.0004,0.1542,0.0,0.8454
2768,0.9965,1.0,0.0,0.0001,0.9999,0.9998,0.0,0.0,0.0002
2769,0.9998,1.0,0.0435,0.6061,0.3503,0.0008,0.4137,0.0001,0.5854
2770,1.0,0.0,0.0015,0.9985,0.0,0.0,0.0123,0.0,0.9877
2771,0.9826,1.0,0.0022,0.9783,0.0195,0.0,0.9635,0.0,0.0365
2772,0.9995,1.0,0.0,0.1515,0.8485,1.0,0.0,0.0,0.0
2773,1.0,1.0,0.0,0.0239,0.9761,0.4477,0.5522,0.0,0.0001
2774,0.9999,1.0,0.0,0.9533,0.0466,0.0003,0.0011,0.0002,0.9984
2775,0.9683,1.0,0.0056,0.4873,0.5071,0.0003,0.029,0.0,0.9706
2776,1.0,0.0004,0.0167,0.9832,0.0,0.0,0.0042,0.0004,0.9954
2777,1.0,1.0,0.0,0.6539,0.3461,0.0361,0.0017,0.0,0.9623
2778,0.9658,1.0,0.0001,0.9576,0.0423,0.0007,0.7887,0.0,0.2106
2779,0.0306,1.0,0.0014,0.9764,0.0222,0.0002,0.156,0.0,0.8438
2780,1.0,1.0,0.7875,0.1127,0.0998,0.0,1.0,0.0,0.0
2781,1.0,1.0,0.0169,0.9716,0.0114,0.0,0.9776,0.0,0.0224
2782,0.9926,1.0,0.5576,0.1462,0.2961,0.8053,0.0,0.0058,0.1889
2783,0.9974,1.0,0.0014,0.9943,0.0043,0.0,0.9833,0.0,0.0167
2784,1.0,1.0,0.0002,0.9846,0.0153,0.0001,0.0168,0.0,0.9831
2785,1.0,1.0,0.012,0.9804,0.0076,0.0,0.0138,0.0001,0.9861
2786,0.1301,1.0,0.0002,0.8715,0.1283,0.0456,0.0,0.0,0.9543
2787,1.0,0.0041,0.004,0.996,0.0,0.0,0.0196,0.0004,0.98
2788,1.0,1.0,0.3596,0.5547,0.0857,0.0,0.7363,0.0,0.2637
2789,1.0,0.0008,0.0301,0.9699,0.0,0.0,0.0257,0.0001,0.9742
2790,0.6865,1.0,0.0027,0.5718,0.4255,0.0014,0.5599,0.0,0.4387
2791,0.17,1.0,0.0,0.9812,0.0188,0.0002,0.0012,0.0,0.9985
2792,1.0,1.0,0.0145,0.7284,0.2571,0.0004,0.0345,0.0,0.9651
2793,1.0,1.0,0.8239,0.176,0.0001,0.0,0.9987,0.0,0.0013
2794,1.0,1.0,0.0,0.4691,0.5308,0.0002,0.0,0.0,0.9998
2795,1.0,0.0,0.0053,0.9946,0.0,0.0001,0.0733,0.0,0.9266
2796,0.145,1.0,0.0022,0.4074,0.5903,0.0009,0.0126,0.0,0.9865
2797,0.9998,1.0,0.0005,0.9984,0.0011,0.0,0.2271,0.0,0.7729
2798,0.0205,1.0,0.7344,0.2644,0.0012,0.0003,0.9767,0.0,0.023
2799,1.0,1.0,0.0,0.9958,0.0042,0.0003,0.0,0.0059,0.9938
2800,0.8672,1.0,0.0058,0.9845,0.0097,0.0,0.9705,0.0,0.0295
2801,0.9999,0.9998,0.1001,0.8475,0.0524,0.0,0.1005,0.0001,0.8993
2802,1.0,0.0003,0.0022,0.9978,0.0,0.0,0.0089,0.0019,0.9892
2803,1.0,1.0,0.0,0.0016,0.9984,1.0,0.0,0.0,0.0
2805,0.0021,1.0,0.0,0.9956,0.0043,0.0003,0.0247,0.0,0.975
2806,1.0,1.0,0.0006,0.8067,0.1927,0.0001,0.0001,0.0,0.9999
2807,0.9979,1.0,0.0006,0.8959,0.1035,0.0002,0.0298,0.0,0.97
2808,1.0,1.0,0.7247,0.2742,0.001,0.0,0.9951,0.0,0.0049
2809,0.9999,1.0,0.0184,0.9507,0.0309,0.0,0.5084,0.0,0.4916
2810,1.0,0.0,0.0527,0.9473,0.0,0.0,0.2102,0.0025,0.7873
2811,1.0,0.0,0.0007,0.9993,0.0,0.0,0.019,0.0,0.9809
2812,1.0,1.0,0.0133,0.2468,0.7399,0.4072,0.5886,0.0,0.0042
2813,0.9995,1.0,0.0023,0.0621,0.9356,0.4767,0.0,0.0005,0.5228
2814,0.9999,0.1884,0.685,0.3148,0.0002,0.0,0.9643,0.0,0.0357
2815,0.9999,0.0008,0.0035,0.9964,0.0001,0.0,0.0196,0.0008,0.9797
2816,0.7331,0.9999,0.0001,0.9659,0.034,0.0004,0.0572,0.0,0.9424
2817,1.0,1.0,0.0,0.7537,0.2462,0.0003,0.0,0.0,0.9997
2818,0.9934,0.0087,0.0002,0.9997,0.0001,0.0,0.0055,0.0012,0.9932
2819,0.9999,1.0,0.0005,0.9018,0.0977,0.0002,0.0538,0.0,0.946
2820,1.0,1.0,0.0,0.9931,0.0069,0.0001,0.0018,0.0001,0.998
2821,1.0,1.0,0.0001,0.6668,0.3331,0.0006,0.0017,0.0,0.9977
2822,0.9533,0.0187,0.0001,0.9998,0.0001,0.0,0.0037,0.0025,0.9938
2823,1.0,0.0,0.0,1.0,0.0,0.0,0.0001,0.0,0.9999
2824,0.9913,0.9965,0.0005,0.9879,0.0116,0.0001,0.3656,0.0001,0.6343
2825,1.0,0.9999,0.0274,0.9676,0.005,0.0001,0.9993,0.0,0.0006
2826,1.0,1.0,0.019,0.743,0.238,0.5607,0.0058,0.0,0.4335
2827,0.9997,1.0,0.0001,0.9214,0.0786,0.0002,0.008,0.0,0.9918
2828,1.0,1.0,0.0,1.0,0.0,0.0,0.3474,0.0,0.6526
2829,1.0,1.0,0.0058,0.9857,0.0084,0.0,1.0,0.0,0.0
2830,1.0,1.0,0.056,0.3737,0.5703,0.0,0.0,0.0,1.0
2831,0.9993,1.0,0.0244,0.3202,0.6555,0.0006,0.0549,0.0,0.9445
2832,0.9999,1.0,0.0,0.0219,0.9781,0.9971,0.0,0.0,0.0028
2833,0.0481,0.9999,0.0045,0.7991,0.1964,0.3665,0.1751,0.0,0.4584
2834,0.6529,1.0,0.0025,0.8772,0.1203,0.0002,0.0581,0.0,0.9417
2835,0.9985,1.0,0.0678,0.9222,0.0101,0.0021,0.517,0.0,0.4809
2836,1.0,1.0,0.0003,0.9913,0.0083,0.0001,0.0619,0.0,0.9381
2837,0.9999,1.0,0.0052,0.9942,0.0006,0.0,0.9997,0.0,0.0003
2838,1.0,0.0,0.0006,0.9994,0.0,0.0,0.0,0.0,1.0
2839,1.0,0.0,0.0023,0.9977,0.0,0.0,0.0,0.0,1.0
2840,1.0,1.0,0.0012,0.8745,0.1243,0.0154,0.0,0.0002,0.9844
2841,0.9999,1.0,0.0003,0.8202,0.1795,0.0003,0.0054,0.0,0.9943
2842,0.9903,0.9996,0.0003,0.9917,0.008,0.0001,0.0777,0.0001,0.9222
2843,0.5784,1.0,0.0,0.9802,0.0198,0.0009,0.0126,0.0,0.9865
2844,0.014,0.9999,0.0,0.9962,0.0038,0.0005,0.0271,0.0,0.9724
2845,1.0,1.0,0.0441,0.4187,0.5372,0.0002,0.8378,0.0,0.162
2846,1.0,1.0,0.0093,0.5384,0.4523,0.0002,0.0107,0.0,0.9891
2847,1.0,1.0,0.9842,0.0158,0.0,0.0,0.9997,0.0,0.0003
2848,1.0,1.0,0.0,0.9408,0.0591,0.0,0.0,0.0,1.0
2849,1.0,1.0,0.0,0.9137,0.0863,0.0001,0.0011,0.0,0.9987
2850,0.9607,1.0,0.0001,0.9525,0.0473,0.0003,0.0097,0.0,0.99
2851,0.999,0.0049,0.0003,0.9997,0.0,0.0,0.0023,0.001,0.9966
2852,0.0659,1.0,0.0,0.0357,0.9643,0.1785,0.0,0.0,0.8215
2853,0.9792,1.0,0.0,0.7781,0.2219,0.0015,0.0005,0.0,0.998
2854,1.0,0.0,0.0321,0.9678,0.0001,0.0,0.0,0.0,1.0
2855,1.0,1.0,0.0005,0.9399,0.0596,0.0007,0.3319,0.0,0.6674
2856,1.0,1.0,0.936,0.0639,0.0,0.0,1.0,0.0,0.0
2857,0.9994,0.9998,0.0041,0.9672,0.0287,0.0001,0.1663,0.0,0.8335
2858,1.0,0.0,0.9998,0.0002,0.0,0.0,0.8517,0.0931,0.0552
2859,0.9998,0.0019,0.0036,0.9962,0.0002,0.0,0.0374,0.0006,0.962
2860,0.0002,1.0,0.0,0.0,1.0,1.0,0.0,0.0,0.0
2861,0.9732,1.0,0.0,0.9986,0.0014,0.0002,0.1745,0.0,0.8253
2862,0.9995,1.0,0.0001,0.0002,0.9997,0.6553,0.0,0.0,0.3447
2863,0.9386,1.0,0.0052,0.1345,0.8603,0.8639,0.0024,0.0,0.1337
2864,1.0,0.0005,0.001,0.999,0.0,0.0,0.0031,0.0006,0.9964
2865,0.9737,0.9999,0.0012,0.9761,0.0227,0.1701,0.01,0.0685,0.7514
2866,0.009,1.0,0.0,0.9931,0.0069,0.0003,0.0113,0.0,0.9885
2867,1.0,0.0009,0.0611,0.9388,0.0001,0.0,0.1944,0.0008,0.8048
2868,0.4539,1.0,0.0,0.9926,0.0074,0.0004,0.0633,0.0,0.9363
2869,1.0,1.0,0.9922,0.0078,0.0,0.0,0.9999,0.0,0.0001
2870,1.0,1.0,0.0,0.8515,0.1484,0.5376,0.1629,0.0,0.2994
2871,0.7303,0.9999,0.0007,0.9927,0.0066,0.0002,0.3917,0.0,0.6081
2872,1.0,1.0,0.0002,0.8428,0.157,0.0002,0.0,0.0001,0.9997
2873,0.9999,1.0,0.0158,0.7301,0.2541,0.0003,0.0989,0.0,0.9008
2874,1.0,0.0003,0.1028,0.8972,0.0,0.0,0.0858,0.0007,0.9135
2875,1.0,1.0,0.0019,0.8543,0.1438,0.0001,0.0,0.0,0.9999
2876,1.0,0.0006,0.0127,0.9872,0.0001,0.0,0.0286,0.0013,0.9701
2878,0.9998,1.0,0.0,0.3558,0.6442,0.0026,0.0,0.0,0.9974
2879,0.9999,1.0,0.7108,0.2892,0.0,0.0,0.9627,0.0,0.0373
2880,0.9655,1.0,0.0032,0.9612,0.0356,0.0001,0.781,0.0,0.219
2881,0.4665,1.0,0.0,0.9982,0.0018,0.0002,0.129,0.0,0.8708
2882,0.7634,0.5089,0.0,0.0824,0.9176,0.4048,0.0,0.0,0.5952
2883,1.0,1.0,0.0,0.9692,0.0308,0.2907,0.5986,0.0,0.1107
2884,0.9998,1.0,0.0009,0.908,0.0911,0.0001,0.0042,0.0,0.9958
2885,1.0,1.0,0.0303,0.9653,0.0045,0.0,1.0,0.0,0.0
2886,0.9995,1.0,0.0001,0.8972,0.1027,0.0001,0.0002,0.0,0.9996
2887,0.9998,1.0,0.0001,0.9989,0.001,0.0011,0.0,0.0001,0.9989
2888,1.0,0.0002,0.0075,0.9924,0.0001,0.0,0.0059,0.0017,0.9925
2889,1.0,1.0,0.0002,0.3907,0.609,0.0003,0.0125,0.0,0.9872
2890,0.9792,1.0,0.0,0.0008,0.9992,0.9985,0.0001,0.0,0.0013
2891,0.9715,1.0,0.638,0.3048,0.0571,0.0,0.9707,0.0,0.0293
2892,1.0,1.0,0.9987,0.0013,0.0,0.0,1.0,0.0,0.0
2893,1.0,0.0007,0.0034,0.9966,0.0,0.0,0.0045,0.0014,0.9941
2894,0.0182,1.0,0.0,0.0,1.0,1.0,0.0,0.0,0.0
2895,1.0,1.0,0.994,0.005,0.0011,0.4728,0.008,0.003,0.5162
2896,1.0,1.0,0.016,0.525,0.459,0.9901,0.0005,0.0002,0.0092
2897,0.9996,1.0,0.2295,0.6274,0.143,0.0128,0.0018,0.0,0.9854
2898,0.9922,1.0,0.0,0.0001,0.9999,1.0,0.0,0.0,0.0
2899,0.9999,1.0,0.5651,0.43,0.0049,0.0,1.0,0.0,0.0
2900,1.0,0.0001,0.1423,0.8577,0.0,0.0,0.0002,0.0,0.9998
2901,0.9841,1.0,0.0002,0.9184,0.0814,0.0005,0.1258,0.0,0.8737
2902,1.0,0.0,0.9996,0.0004,0.0,0.0,0.1817,0.0054,0.8129
2903,0.0147,1.0,0.0,0.0182,0.9818,0.9999,0.0,0.0,0.0001
2904,0.0601,0.9999,0.0001,0.9829,0.017,0.0002,0.0058,0.0,0.994
2905,0.9998,1.0,0.0089,0.9026,0.0885,0.0002,0.073,0.0001,0.9268
2906,0.4425,1.0,0.0,0.9993,0.0007,0.0029,0.9751,0.0,0.022
2907,1.0,1.0,0.0,0.934,0.0659,0.0003,0.0,0.0,0.9997
2908,1.0,0.0008,0.008,0.9917,0.0003,0.0,0.0136,0.0025,0.9839
2909,0.9997,1.0,0.0001,0.7829,0.2171,0.0004,0.005,0.0,0.9946
2910,0.0014,1.0,0.0,0.0,1.0,1.0,0.0,0.0,0.0
2911,0.8306,1.0,0.0,0.0527,0.9473,0.9533,0.0,0.0002,0.0465
2912,1.0,0.0,0.8421,0.1579,0.0,0.0,0.6881,0.0001,0.3117
2913,1.0,1.0,0.005,0.8744,0.1207,0.0001,0.0018,0.0,0.9981
2914,1.0,1.0,0.0003,0.8213,0.1784,0.0253,0.5622,0.0,0.4126
2915,1.0,1.0,0.9678,0.0194,0.0128,0.1176,0.0,0.0932,0.7892
2916,0.0423,1.0,0.0,0.6469,0.3531,0.4735,0.4996,0.0,0.0269
2917,0.9399,1.0,0.0023,0.7799,0.2179,0.0005,0.2393,0.0,0.7602
2918,1.0,0.0005,0.9414,0.0577,0.0009,0.0,0.9926,0.0,0.0074
2919,1.0,0.0,0.0083,0.9895,0.0022,0.0015,0.0115,0.0,0.987
2920,1.0,1.0,0.0,0.0901,0.9099,0.0001,0.9999,0.0,0.0
2921,1.0,1.0,0.0001,0.7859,0.214,0.0001,0.9999,0.0,0.0
2922,0.9654,1.0,0.0,0.0471,0.9529,0.9869,0.0,0.0,0.0131
2923,1.0,1.0,0.9776,0.0208,0.0016,0.0744,0.0002,0.0006,0.9247
2924,1.0,0.0011,0.0083,0.9917,0.0,0.0,0.0132,0.0005,0.9862
2925,0.025,1.0,0.0009,0.7795,0.2196,0.0049,0.3977,0.0,0.5974
2926,0.9883,1.0,0.0162,0.0747,0.9091,0.6796,0.0006,0.0,0.3198
2927,1.0,0.9991,0.0369,0.9627,0.0004,0.0,0.0497,0.0001,0.9503
2928,1.0,1.0,0.0035,0.9231,0.0734,0.0,0.0073,0.0,0.9927
2929,0.2475,1.0,0.0001,0.997,0.0029,0.0002,0.1406,0.0,0.8591
2930,1.0,1.0,0.8948,0.1014,0.0038,0.0,0.0499,0.0001,0.9501
2931,0.9992,0.9999,0.0001,0.3791,0.6208,0.8538,0.1273,0.0,0.0188
2932,1.0,1.0,0.0066,0.8287,0.1647,0.0001,0.0014,0.0,0.9985
2933,0.3528,0.9999,0.0001,0.9989,0.001,0.0,0.099,0.0,0.9009
2934,1.0,1.0,0.0045,0.9738,0.0217,0.0582,0.9161,0.0,0.0258
2935,0.9877,1.0,0.0341,0.7303,0.2356,0.0003,0.6899,0.0,0.3099
2936,0.9999,1.0,0.0,0.9989,0.0011,0.0,0.0035,0.0,0.9965
2937,1.0,1.0,0.0084,0.8986,0.093,0.0001,0.0993,0.0001,0.9005
2938,0.9166,1.0,0.0008,0.6095,0.3897,0.0011,0.7651,0.0,0.2338
2939,0.0049,1.0,0.0018,0.9912,0.007,0.0001,0.2397,0.0,0.7601
2940,0.0395,1.0,0.0,0.0002,0.9998,0.9999,0.0,0.0,0.0001
2941,0.9933,1.0,0.0003,0.9987,0.0009,0.0,0.7021,0.0,0.2979
2942,0.77,1.0,0.0016,0.4917,0.5067,0.0009,0.0114,0.0,0.9877
2943,1.0,1.0,0.0,0.6922,0.3078,0.1346,0.1944,0.0,0.671
2944,0.9941,1.0,0.0031,0.4939,0.5029,0.0774,0.9166,0.0,0.006
2945,1.0,1.0,0.0074,0.9031,0.0895,0.0001,0.2923,0.0,0.7076
2946,0.9998,1.0,0.0001,0.3466,0.6534,0.0008,0.0001,0.0001,0.9991
2947,0.9874,1.0,0.0,0.0016,0.9984,1.0,0.0,0.0,0.0
2948,0.9849,1.0,0.0,0.995,0.0049,0.0001,0.0466,0.0,0.9533
2949,1.0,1.0,0.0198,0.0518,0.9284,0.9988,0.0,0.0004,0.0009
2950,1.0,1.0,0.0467,0.9478,0.0055,0.0,1.0,0.0,0.0
2952,0.9994,1.0,0.003,0.595,0.402,0.0007,0.1697,0.0,0.8295
2953,1.0,0.0,0.0,1.0,0.0,0.0,0.0,0.0,1.0
2954,1.0,1.0,0.9293,0.0707,0.0,0.0,0.9884,0.0,0.0116
2955,0.9409,1.0,0.0003,0.6798,0.3199,0.0013,0.539,0.0,0.4598
2956,1.0,1.0,0.1471,0.8269,0.026,0.0,0.0298,0.0,0.9701
2957,1.0,1.0,0.0025,0.9972,0.0002,0.0001,0.9422,0.0,0.0578
2958,1.0,1.0,0.6645,0.3319,0.0036,0.0029,0.0018,0.0002,0.9951
2959,0.9984,1.0,0.0088,0.9559,0.0353,0.0001,0.1279,0.0001,0.8719
2960,0.9998,1.0,0.0001,0.7197,0.2802,0.0012,0.0143,0.0,0.9845
2961,0.0117,1.0,0.0001,0.989,0.0109,0.0004,0.1699,0.0,0.8297
2962,1.0,1.0,0.0002,0.9974,0.0024,0.0,0.0041,0.0001,0.9959
2963,1.0,0.0,0.0,1.0,0.0,0.0,0.0001,0.0,0.9999
2964,0.0154,1.0,0.0,0.9949,0.0051,0.0001,0.0012,0.0,0.9987
2966,1.0,1.0,0.0005,0.9951,0.0044,0.0163,0.0004,0.0,0.9833
2967,0.9999,1.0,0.0,0.0,1.0,1.0,0.0,0.0,0.0
2968,0.0,1.0,0.0,0.0,1.0,1.0,0.0,0.0,0.0
2969,1.0,0.0,0.2675,0.7325,0.0,0.0,0.0381,0.0005,0.9614
2970,1.0,0.0,0.005,0.9945,0.0005,0.0001,0.0059,0.0,0.994
2971,1.0,1.0,0.002,0.9878,0.0102,0.0,0.0531,0.0,0.9469
2972,0.9913,1.0,0.0006,0.9006,0.0988,0.0001,0.0124,0.0,0.9875
2973,1.0,0.0031,0.004,0.996,0.0,0.0,0.007,0.0009,0.9921
2974,0.1287,1.0,0.0,0.9859,0.014,0.0002,0.0014,0.0,0.9984
2975,1.0,1.0,0.0,0.9018,0.0982,0.0011,0.0019,0.0,0.997
2976,0.7446,1.0,0.0,0.0042,0.9958,0.9934,0.001,0.0,0.0057
2977,0.1575,0.9999,0.0001,0.9989,0.001,0.0001,0.3133,0.0,0.6866
2978,1.0,1.0,0.471,0.5276,0.0014,0.0,0.4024,0.0,0.5976
2979,0.9967,1.0,0.0858,0.0071,0.9071,0.0098,0.9593,0.0,0.0309
2980,1.0,1.0,0.4773,0.3222,0.2006,0.0003,0.0033,0.0003,0.9961
2981,1.0,0.0,0.7238,0.2762,0.0,0.0,0.0055,0.0,0.9945
2982,1.0,0.0006,0.0009,0.9991,0.0,0.0,0.0057,0.001,0.9933
2983,0.7961,1.0,0.0003,0.7996,0.2002,0.001,0.0132,0.0,0.9858
2984,0.0851,1.0,0.0,0.0016,0.9984,0.9987,0.0,0.0,0.0013
2985,0.0135,1.0,0.0,0.0,1.0,1.0,0.0,0.0,0.0
2986,1.0,0.0,0.0008,0.9992,0.0,0.0,0.0001,0.0,0.9999
2987,1.0,0.0008,0.0009,0.9991,0.0,0.0,0.0016,0.0007,0.9977
2988,0.9986,1.0,0.0008,0.6197,0.3795,0.0501,0.9452,0.0,0.0047
2989,0.9904,0.0128,0.0004,0.9988,0.0008,0.0,0.0044,0.0005,0.9951
2990,1.0,0.9998,0.0928,0.9071,0.0,0.0,0.9845,0.0,0.0155
2991,0.8938,1.0,0.0,0.9343,0.0657,0.0007,0.0052,0.0,0.9942
2992,1.0,1.0,0.0128,0.9701,0.0171,0.0,0.8759,0.0,0.1241
2993,0.0358,0.9998,0.0001,0.9911,0.0088,0.0002,0.0134,0.0,0.9863
2994,0.998,0.9998,0.0,0.0319,0.9681,0.9951,0.0,0.0048,0.0001
2995,0.9965,1.0,0.0113,0.8123,0.1764,0.0001,0.9045,0.0,0.0954
2996,0.2244,1.0,0.0006,0.9712,0.0282,0.0002,0.7981,0.0,0.2017
2997,0.9882,1.0,0.0001,0.8805,0.1193,0.0002,0.0043,0.0,0.9954
2998,0.3735,1.0,0.0,0.9976,0.0023,0.0001,0.4879,0.0,0.512
2999,0.0053,0.9999,0.0004,0.9051,0.0945,0.0019,0.0814,0.0,0.9166
3000,0.9813,0.1166,0.0004,0.9989,0.0006,0.0001,0.029,0.0008,0.9702
3001,1.0,1.0,0.0328,0.6843,0.2829,0.0003,0.5932,0.0,0.4066
3002,1.0,1.0,0.0001,0.9883,0.0116,0.0359,0.8211,0.0,0.143
3003,0.9562,1.0,0.0,0.9863,0.0136,0.0,0.9967,0.0,0.0033
3004,1.0,1.0,0.0057,0.9712,0.023,0.0,0.7044,0.0,0.2955
3005,1.0,1.0,0.003,0.9622,0.0348,0.0,0.0002,0.0,0.9998
3006,0.9995,1.0,0.0003,0.9997,0.0001,0.0,0.9874,0.0,0.0126
3007,1.0,0.9996,0.0003,0.7702,0.2295,0.0,1.0,0.0,0.0
3008,1.0,1.0,0.0003,0.4182,0.5815,0.0114,0.0,0.0,0.9886
3009,0.9959,1.0,0.0004,0.9933,0.0063,0.0054,0.796,0.0,0.1985
3010,1.0,0.0003,0.0005,0.9995,0.0,0.0,0.0037,0.001,0.9953
3011,1.0,1.0,0.3949,0.5985,0.0066,0.0,0.9801,0.0,0.0199
3012,0.9984,1.0,0.0,0.0808,0.9191,0.005,0.0009,0.0,0.9941
3013,0.9732,1.0,0.0079,0.1458,0.8462,0.004,0.2455,0.0,0.7505
3014,0.0001,1.0,0.0,0.0,1.0,1.0,0.0,0.0,0.0
3015,0.9998,1.0,0.0127,0.8025,0.1847,0.0002,0.2127,0.0,0.7871
3016,0.9992,1.0,0.0,0.99,0.01,0.0001,0.0003,0.0001,0.9995
3017,0.7049,1.0,0.0004,0.1102,0.8894,0.0153,0.9845,0.0,0.0002
3018,0.9987,0.9999,0.0,0.9993,0.0007,0.0,0.7808,0.0,0.2192
3019,1.0,1.0,0.0,0.9177,0.0822,0.0001,0.0,0.0001,0.9998
3020,1.0,1.0,0.0082,0.9866,0.0052,0.0,0.992,0.0,0.008
3021,0.7969,0.9996,0.0003,0.9971,0.0026,0.0,0.0346,0.0,0.9653
3022,0.9999,1.0,0.0003,0.9889,0.0109,0.0,0.0067,0.0,0.9932
3023,0.0107,1.0,0.0,0.999,0.0009,0.0,0.1925,0.0,0.8075
3024,0.9635,1.0,0.0,0.1252,0.8748,0.9796,0.0009,0.0,0.0195
3025,1.0,0.0,0.0011,0.9989,0.0,0.0,0.1102,0.0,0.8898
3026,0.9903,1.0,0.0,0.0001,0.9999,1.0,0.0,0.0,0.0
3027,0.9954,0.9998,0.0003,0.9994,0.0003,0.0,0.07,0.0,0.9299
3028,0.9994,1.0,0.0001,0.9998,0.0,0.0,1.0,0.0,0.0
3029,0.8347,1.0,0.2184,0.7814,0.0002,0.0,0.9998,0.0,0.0002
3030,0.2465,0.9992,0.0004,0.9839,0.0157,0.0002,0.0801,0.0,0.9197
3031,0.0136,1.0,0.0,0.9997,0.0003,0.0001,0.0403,0.0,0.9596
3032,1.0,1.0,0.1378,0.8429,0.0193,0.0,0.0035,0.0002,0.9962
3033,1.0,1.0,0.0,0.2206,0.7794,0.0002,0.0,0.0,0.9998
3034,0.3754,1.0,0.0045,0.6455,0.3499,0.001,0.2704,0.0,0.7286
3035,0.9999,0.0002,0.0,0.9995,0.0005,0.0003,0.0,0.0038,0.9959
3036,0.9998,1.0,0.0,0.9385,0.0615,0.0001,0.0003,0.0,0.9997
3037,1.0,1.0,0.005,0.995,0.0,0.0001,0.1092,0.0,0.8907
3038,0.7267,1.0,0.0001,0.9701,0.0298,0.0004,0.1925,0.0,0.8071
3039,0.9983,0.0008,0.0001,0.9999,0.0,0.0,0.0028,0.0021,0.9951
3040,0.9921,1.0,0.0754,0.9227,0.0019,0.0003,0.0003,0.0028,0.9966
3041,0.9991,1.0,0.0,0.0028,0.9972,1.0,0.0,0.0,0.0
3042,0.1426,1.0,0.0,0.9943,0.0057,0.1549,0.6041,0.0,0.241
3043,0.13,0.9999,0.0172,0.9273,0.0555,0.0002,0.7869,0.0,0.2129
3044,0.8395,1.0,0.0038,0.7714,0.2248,0.0004,0.3286,0.0,0.6711
3045,0.9973,1.0,0.0055,0.9929,0.0017,0.0004,0.0022,0.0,0.9974
3046,0.8031,0.9978,0.0019,0.9886,0.0095,0.0,0.1821,0.0,0.8178
3047,0.999,1.0,0.0026,0.8339,0.1634,0.0002,0.2411,0.0,0.7586
3048,1.0,1.0,0.0,0.3319,0.6681,0.0005,0.0,0.0,0.9994
3049,0.9636,1.0,0.0034,0.9966,0.0,0.0,1.0,0.0,0.0
3050,1.0,1.0,0.6051,0.3943,0.0006,0.0,1.0,0.0,0.0
3051,0.7078,0.9999,0.002,0.9145,0.0835,0.0001,0.0104,0.0,0.9895
3052,1.0,0.0,0.0027,0.9973,0.0,0.0,0.0003,0.0,0.9997
3053,0.4341,1.0,0.0,0.0233,0.9767,0.0557,0.145,0.0,0.7993
3054,1.0,1.0,0.9978,0.0005,0.0017,0.0004,0.065,0.0,0.9346
3055,0.0126,1.0,0.0,0.9982,0.0018,0.0002,0.0132,0.0,0.9867
3056,1.0,1.0,0.0052,0.0242,0.9706,0.146,0.0,0.0004,0.8536
3057,0.1393,0.9997,0.0005,0.9633,0.0363,0.0003,0.0222,0.0,0.9774
3058,0.3475,1.0,0.0,0.9691,0.0308,0.0002,0.0016,0.0,0.9981
3059,0.4417,1.0,0.0,0.9992,0.0008,0.0,0.9547,0.0,0.0453
3060,1.0,1.0,0.0003,0.1177,0.8821,0.0859,0.0,0.0552,0.8589
3061,1.0,1.0,0.9926,0.0074,0.0,0.0,1.0,0.0,0.0
3062,0.8162,0.999,0.0007,0.996,0.0033,0.0001,0.1037,0.0001,0.8961
3063,1.0,0.9993,0.0,1.0,0.0,0.0,0.9923,0.0,0.0077
3064,1.0,1.0,0.1152,0.863,0.0218,0.0,0.1019,0.0,0.898
3065,0.9999,0.0084,0.0001,0.9998,0.0001,0.0,0.0007,0.0001,0.9992
3066,0.8946,1.0,0.2178,0.6933,0.0889,0.0,0.8591,0.0,0.1409
3067,1.0,1.0,0.0595,0.8699,0.0706,0.0,0.0108,0.0,0.9892
3068,0.7976,1.0,0.002,0.9654,0.0325,0.0072,0.7396,0.0,0.2532
3069,0.1246,0.9999,0.0002,0.997,0.0029,0.0002,0.1738,0.0,0.826
3070,0.9973,0.0214,0.0007,0.999,0.0003,0.0,0.0992,0.0009,0.8999
3071,1.0,0.0,0.0,1.0,0.0,0.0,0.0,0.0001,0.9999
3072,0.454,1.0,0.0001,0.999,0.001,0.0,0.9589,0.0,0.0411
3073,0.999,1.0,0.0,0.0089,0.9911,0.9992,0.0,0.0,0.0008
3074,1.0,0.0,0.7492,0.2508,0.0,0.0,0.2077,0.0,0.7923
3075,1.0,1.0,0.0187,0.9473,0.034,0.0001,0.0542,0.0001,0.9457
3076,0.5991,1.0,0.0009,0.1538,0.8453,0.9785,0.0177,0.0001,0.0037
3077,1.0,1.0,0.0,0.0371,0.9629,0.0007,0.0,0.0,0.9993
3078,1.0,1.0,0.0,0.9822,0.0178,0.0001,0.0926,0.0,0.9073
3079,0.9808,1.0,0.0006,0.9903,0.0091,0.0,0.9918,0.0,0.0082
3080,0.7886,0.9982,0.0014,0.9913,0.0073,0.0,0.1814,0.0001,0.8185
3081,0.9827,0.9996,0.0019,0.9951,0.003,0.0,0.6215,0.0,0.3785
3082,0.9978,1.0,0.0,0.8985,0.1014,0.0005,0.0502,0.0,0.9492
3083,0.4303,1.0,0.0,0.9997,0.0002,0.0,0.0255,0.0,0.9744
3084,0.9425,1.0,0.0085,0.9136,0.0779,0.0003,0.0,0.0,0.9997
3085,1.0,1.0,0.0001,0.4487,0.5512,0.0005,0.0009,0.0,0.9985
3086,1.0,1.0,0.138,0.5863,0.2757,0.0,0.8949,0.0,0.1051
3087,1.0,0.0,0.0,1.0,0.0,0.0,0.0,0.0,0.9999
3088,1.0,1.0,0.4755,0.5237,0.0008,0.0,0.9979,0.0,0.0021
3089,1.0,0.0,0.0003,0.9957,0.0041,0.0013,0.0012,0.0002,0.9973
3090,0.2976,1.0,0.0012,0.1967,0.8021,0.0019,0.8176,0.0,0.1805
3091,0.9704,1.0,0.0,0.0023,0.9977,0.9987,0.0,0.0,0.0013
3092,0.0778,0.9999,0.0006,0.9864,0.013,0.0002,0.6019,0.0,0.3979
3093,1.0,1.0,0.7578,0.1832,0.059,0.0,0.999,0.0,0.001
3094,1.0,1.0,0.0029,0.782,0.2151,0.0021,0.9919,0.0,0.006
3095,0.2526,1.0,0.0,0.9884,0.0116,0.0005,0.0317,0.0,0.9679
3096,0.9999,1.0,0.0012,0.749,0.2498,0.1866,0.8113,0.0,0.0021
3097,1.0,1.0,0.0007,0.8086,0.1907,0.0,0.0002,0.0,0.9997
3098,1.0,0.0001,0.1197,0.8803,0.0,0.0,0.1384,0.0,0.8616
3099,1.0,1.0,0.9753,0.0219,0.0028,0.0,0.997,0.0,0.003
3100,0.9949,0.9998,0.0,0.9986,0.0014,0.0019,0.0058,0.0001,0.9922
3101,0.9998,1.0,0.0005,0.9995,0.0,0.0,0.9987,0.0,0.0013
3102,0.1531,1.0,0.001,0.853,0.146,0.0007,0.061,0.0,0.9383
3103,0.9954,1.0,0.0005,0.7505,0.249,0.0003,0.0141,0.0,0.9855
3104,1.0,1.0,0.0,0.0978,0.9021,0.9444,0.0039,0.0,0.0517
3105,0.9457,1.0,0.0,0.9999,0.0001,0.0,0.7373,0.0,0.2627
3106,0.9998,1.0,0.0358,0.9527,0.0115,0.0,0.6297,0.0,0.3703
3108,1.0,1.0,0.0,0.0673,0.9327,0.9884,0.0096,0.0,0.0019
3109,1.0,0.0,0.5227,0.4773,0.0,0.0,0.7317,0.0,0.2683
3110,0.9997,1.0,0.0441,0.9486,0.0073,0.0,0.9965,0.0,0.0035
3111,0.9821,0.9958,0.0009,0.9928,0.0063,0.0,0.1032,0.0002,0.8966
3112,0.0024,1.0,0.0,0.9974,0.0025,0.0001,0.0093,0.0,0.9906
3113,1.0,1.0,0.0,0.1079,0.8921,0.0016,0.0,0.0,0.9984
3114,1.0,1.0,0.0015,0.9492,0.0493,0.0001,0.6897,0.0,0.3102
3115,0.9993,1.0,0.0082,0.4327,0.5591,0.9128,0.0156,0.0001,0.0716
3116,1.0,1.0,0.0022,0.9796,0.0182,0.9864,0.0001,0.0025,0.011
3117,0.9956,0.0009,0.0001,0.9999,0.0,0.0,0.0016,0.002,0.9964
3118,0.9999,1.0,0.0007,0.6922,0.3071,0.0018,0.0198,0.0001,0.9783
3119,0.9993,1.0,0.0,0.0034,0.9966,0.9995,0.0,0.0,0.0005
3120,0.0021,1.0,0.0001,0.9922,0.0077,0.0009,0.0229,0.0,0.9761
3121,1.0,1.0,0.0103,0.9642,0.0255,0.0,0.004,0.0,0.996
3122,0.9989,1.0,0.0498,0.9226,0.0275,0.0074,0.87,0.0001,0.1225
3123,0.1466,1.0,0.0,0.7333,0.2667,0.2248,0.7646,0.0,0.0105
3124,0.9996,1.0,0.0061,0.3522,0.6417,0.3943,0.0267,0.0,0.579
3125,0.9988,1.0,0.0281,0.9051,0.0668,0.0,0.9999,0.0,0.0001
3126,0.9999,1.0,0.0101,0.9571,0.0328,0.0001,0.034,0.0,0.9659
3127,1.0,1.0,0.4539,0.3804,0.1657,0.5893,0.0043,0.0008,0.4057
3128,1.0,1.0,0.0,0.6125,0.3875,0.953,0.0108,0.0,0.0361
3129,1.0,0.9999,0.0,0.9996,0.0004,0.0002,0.0,0.0008,0.999
3130,1.0,1.0,0.76,0.2398,0.0002,0.0,0.9967,0.0,0.0033
3131,1.0,1.0,0.0,0.9391,0.0608,0.0001,0.0001,0.0,0.9998
3132,0.9889,1.0,0.0004,0.4069,0.5927,0.0006,0.0016,0.0,0.9978
3133,0.0005,1.0,0.0,0.0,1.0,1.0,0.0,0.0,0.0
3134,1.0,1.0,0.0006,0.9993,0.0001,0.0,0.0049,0.0,0.9951
3135,0.9999,1.0,0.0,0.0016,0.9984,0.9999,0.0,0.0,0.0001
3136,0.9957,1.0,0.0001,0.9541,0.0458,0.0007,0.0119,0.0004,0.9871
3137,0.997,1.0,0.3185,0.6811,0.0003,0.0,0.9997,0.0,0.0003
3138,0.0199,1.0,0.0,0.0039,0.9961,0.8037,0.0,0.0,0.1963
3139,0.9992,1.0,0.0002,0.9113,0.0885,0.0025,0.9948,0.0,0.0027
3140,1.0,1.0,0.0,0.8492,0.1508,0.0001,0.0,0.0,0.9999
3141,1.0,1.0,0.0,0.5428,0.4572,0.7117,0.0162,0.0,0.2721
3142,0.0005,1.0,0.0001,0.2415,0.7584,0.0324,0.0,0.0,0.9676
3143,0.9966,1.0,0.0009,0.999,0.0001,0.0,1.0,0.0,0.0
3144,1.0,0.0,0.9845,0.0155,0.0,0.0,0.551,0.0001,0.4488
3145,1.0,1.0,0.0002,0.9325,0.0673,0.0002,0.0001,0.0002,0.9995
3146,1.0,1.0,0.0001,0.9159,0.0839,0.0001,0.0001,0.0001,0.9998
3147,0.9999,0.9999,0.0005,0.9431,0.0564,0.0,0.0008,0.0,0.9991
3148,1.0,1.0,0.0146,0.4162,0.5692,0.0011,0.4928,0.0,0.506
3149,1.0,1.0,0.0269,0.0002,0.9729,0.3519,0.016,0.0,0.6322
3150,1.0,1.0,0.024,0.9411,0.0349,0.0,0.0022,0.0,0.9977
3151,1.0,1.0,0.0,0.9923,0.0076,0.0,0.0001,0.0,0.9999
3152,1.0,0.0,0.0,1.0,0.0,0.0,0.0,0.0,1.0
3153,0.8189,1.0,0.0001,0.9436,0.0563,0.0012,0.3564,0.0001,0.6424
3154,0.9773,1.0,0.0024,0.9856,0.012,0.0,0.9029,0.0,0.0971
3155,0.9999,1.0,0.0007,0.9983,0.001,0.0,0.9977,0.0,0.0023
3156,0.9412,1.0,0.0012,0.8699,0.1289,0.0002,0.0624,0.0,0.9374
3157,1.0,1.0,0.0889,0.9069,0.0041,0.0,0.0016,0.0,0.9984
3158,1.0,1.0,0.0002,0.8987,0.1011,0.0001,0.0015,0.0,0.9984
3159,1.0,1.0,0.0839,0.916,0.0,0.0,1.0,0.0,0.0
3160,0.0297,1.0,0.0,0.0,1.0,1.0,0.0,0.0,0.0
3161,1.0,1.0,0.9981,0.0017,0.0002,0.0,0.9966,0.0,0.0034
3162,0.9999,1.0,0.0396,0.9534,0.007,0.0,1.0,0.0,0.0
3163,0.811,1.0,0.0001,0.9839,0.016,0.0003,0.5693,0.0,0.4305
3164,1.0,1.0,0.0,0.9999,0.0001,0.0,0.0,0.0,0.9999
3165,0.9993,1.0,0.0009,0.5958,0.4034,0.0003,0.0148,0.0,0.985
3166,0.8622,1.0,0.0021,0.0019,0.996,0.3119,0.0,0.0001,0.688
3167,0.8984,1.0,0.0006,0.9808,0.0186,0.0002,0.1282,0.0,0.8716
3168,1.0,0.9999,0.0041,0.9728,0.0231,0.0,0.0419,0.0,0.9581
3169,0.746,1.0,0.0007,0.9141,0.0852,0.0012,0.512,0.0,0.4868
3170,0.9999,0.0019,0.0999,0.8992,0.0009,0.0001,0.5512,0.0013,0.4475
3171,1.0,0.0,0.0085,0.9915,0.0,0.0,0.0075,0.0,0.9925
3172,0.9995,1.0,0.0065,0.9787,0.0148,0.0001,0.0468,0.0002,0.9529
3173,0.9999,1.0,0.0006,0.7623,0.2371,0.0001,0.006,0.0,0.9938
3174,0.9278,1.0,0.0,0.9999,0.0001,0.0,0.0227,0.0,0.9773
3175,1.0,0.0,0.0,1.0,0.0,0.0,0.0,0.0,1.0
3176,0.9985,1.0,0.0125,0.7726,0.2149,0.0004,0.04,0.0001,0.9596
3177,1.0,1.0,0.0001,0.8925,0.1075,0.0001,0.0006,0.0,0.9993
3178,1.0,1.0,0.0997,0.8434,0.0568,0.0002,0.1316,0.0001,0.8682
3179,0.9306,1.0,0.0002,0.9898,0.01,0.9967,0.0006,0.0001,0.0027
3180,0.999,1.0,0.0034,0.8917,0.1049,0.0004,0.607,0.0,0.3926
3181,0.997,1.0,0.0,0.9664,0.0336,0.001,0.0551,0.0001,0.9438
3182,0.9992,1.0,0.0004,0.6897,0.3099,0.0002,0.0002,0.0,0.9995
3183,1.0,1.0,0.0,0.094,0.906,0.0031,0.0,0.0,0.9969
3184,0.1331,0.9999,0.0003,0.9923,0.0075,0.0001,0.0784,0.0,0.9215
3185,1.0,1.0,0.0005,0.7737,0.2258,0.0017,0.0196,0.0016,0.977
3186,0.944,1.0,0.977,0.0175,0.0055,0.0067,0.0002,0.0,0.993
3187,1.0,1.0,0.9544,0.0456,0.0,0.0,1.0,0.0,0.0
3188,1.0,1.0,0.0066,0.8889,0.1045,0.0,0.0012,0.0,0.9988
3189,1.0,1.0,0.7933,0.2056,0.0011,0.0,0.4695,0.0,0.5305
3190,0.9658,1.0,0.0078,0.9831,0.0091,0.0173,0.0061,0.0001,0.9765
3191,1.0,1.0,0.0002,0.2113,0.7885,0.0007,0.0006,0.0,0.9987
3192,1.0,1.0,0.0003,0.9858,0.0139,0.0,0.0016,0.0,0.9984
3193,0.7309,1.0,0.9969,0.0031,0.0,0.0009,0.9909,0.0,0.0083
3194,0.9988,1.0,0.0007,0.1113,0.888,0.0014,0.6486,0.0,0.35
3195,1.0,1.0,0.9012,0.0983,0.0005,0.0,0.999,0.0,0.001
3196,0.0041,1.0,0.0,0.0,1.0,1.0,0.0,0.0,0.0
3197,0.9998,0.9999,0.0005,0.9942,0.0054,0.0,0.0607,0.0,0.9393
3198,0.9997,1.0,0.0014,0.7831,0.2155,0.0006,0.0202,0.0,0.9792
3199,1.0,1.0,0.9716,0.0283,0.0001,0.0,0.9999,0.0,0.0001
3200,0.0285,1.0,0.0001,0.8386,0.1614,0.0021,0.2053,0.0,0.7926
3201,0.5151,1.0,0.0,0.001,0.999,0.9866,0.0,0.0,0.0134
3202,1.0,1.0,0.0004,0.9933,0.0064,0.0,0.9999,0.0,0.0001
3203,1.0,1.0,0.702,0.2979,0.0001,0.0,0.9937,0.0,0.0063
3204,0.9997,0.9999,0.0,0.8673,0.1326,0.0328,0.9504,0.0,0.0168
3205,0.9997,0.9999,0.0193,0.9805,0.0002,0.0,1.0,0.0,0.0
3206,0.9975,1.0,0.0045,0.9942,0.0013,0.0,0.987,0.0,0.013
3207,0.7763,1.0,0.0032,0.8503,0.1465,0.0003,0.6919,0.0,0.3079
3208,0.003,1.0,0.0002,0.9308,0.0689,0.0016,0.0354,0.0,0.963
3209,1.0,1.0,0.0001,0.9755,0.0244,0.0001,0.2532,0.0,0.7468
3210,0.6726,1.0,0.0039,0.8181,0.178,0.0008,0.7547,0.0,0.2444
3211,0.5819,0.9912,0.0027,0.5737,0.4236,0.0435,0.0405,0.0068,0.9092
3212,0.9999,1.0,0.0005,0.9994,0.0001,0.0,0.9694,0.0,0.0306
3213,1.0,1.0,0.0,0.9754,0.0245,0.0002,0.0017,0.0,0.9982
3214,0.964,1.0,0.0,0.9838,0.0162,0.0003,0.0522,0.0,0.9475
3215,0.0109,1.0,0.848,0.1293,0.0227,0.0117,0.9744,0.0,0.0139
3216,1.0,1.0,0.0,0.1805,0.8195,0.2771,0.6947,0.0,0.0282
3217,0.9997,0.9999,0.0053,0.9682,0.0265,0.0,0.0728,0.0,0.9271
3218,1.0,1.0,0.0015,0.8475,0.151,0.0002,0.0016,0.0,0.9982
3219,0.9992,1.0,0.0001,0.9966,0.0033,0.0008,0.9982,0.0,0.001
3220,0.9999,0.9999,0.0,0.9917,0.0083,0.0001,0.0005,0.0003,0.9991
3221,0.8532,1.0,0.0,0.7396,0.2604,0.1355,0.8492,0.0,0.0153
3222,1.0,0.0,0.0203,0.9797,0.0,0.0,0.0276,0.0003,0.9721
3223,1.0,1.0,0.9657,0.0337,0.0006,0.0,0.9636,0.0,0.0364
3224,1.0,1.0,0.0004,0.9977,0.0019,0.0,0.9926,0.0,0.0074
3225,1.0,0.9999,0.0755,0.9198,0.0048,0.0,0.8487,0.0,0.1513
3226,0.992,1.0,0.0079,0.968,0.0241,0.0,1.0,0.0,0.0
3227,0.1675,1.0,0.0089,0.3781,0.613,0.0011,0.0428,0.0,0.9561
3228,0.9995,1.0,0.001,0.9777,0.0213,0.0001,0.0913,0.0001,0.9084
3229,1.0,1.0,0.001,0.9919,0.0071,0.0003,0.0,0.0004,0.9993
3230,0.9999,0.0001,0.0001,0.9996,0.0003,0.0001,0.0,0.0,0.9998
3231,0.9963,1.0,0.0017,0.6501,0.3482,0.0005,0.2393,0.0,0.7602
3232,1.0,1.0,0.0019,0.9144,0.0836,0.0,0.9999,0.0,0.0001
3233,1.0,1.0,0.0014,0.9975,0.0011,0.0,0.9998,0.0,0.0002
3234,0.2956,0.9999,0.0006,0.8956,0.1038,0.0006,0.0114,0.0,0.9879
3235,0.0147,1.0,0.0,0.0,1.0,1.0,0.0,0.0,0.0
3236,0.9969,1.0,0.0001,0.0893,0.9106,0.0045,0.001,0.0,0.9945
3237,1.0,0.0,0.0059,0.9941,0.0,0.0,0.0013,0.0,0.9987
3238,1.0,0.0,0.0001,0.9999,0.0,0.0,0.0012,0.0,0.9988
3239,1.0,1.0,0.0039,0.8516,0.1446,0.0003,0.1239,0.0,0.8758
3240,0.9998,1.0,0.0001,0.022,0.9779,1.0,0.0,0.0,0.0
3241,0.5389,1.0,0.0001,0.998,0.0019,0.0001,0.176,0.0,0.824
3242,0.9999,1.0,0.0001,0.0333,0.9666,0.0038,0.0208,0.0,0.9754
3243,0.9999,1.0,0.0128,0.8908,0.0964,0.0002,0.7499,0.0,0.2499
3244,1.0,1.0,0.0007,0.0679,0.9314,0.8344,0.1647,0.0,0.0009
3245,1.0,1.0,0.0178,0.9636,0.0186,0.0,1.0,0.0,0.0
3246,1.0,1.0,0.9976,0.0021,0.0003,0.0,1.0,0.0,0.0
3247,0.3269,1.0,0.0001,0.9922,0.0077,0.0002,0.0563,0.0,0.9434
3248,0.9975,0.0179,0.0043,0.9944,0.0014,0.0,0.026,0.0005,0.9735
3249,0.9187,1.0,0.0003,0.988,0.0116,0.0001,0.1592,0.0,0.8406
3250,1.0,1.0,0.0003,0.9327,0.067,0.0001,0.0017,0.0,0.9982
3251,1.0,1.0,0.0368,0.9544,0.0088,0.0,0.0153,0.0003,0.9844
3252,0.2094,0.9999,0.0,0.9986,0.0014,0.0059,0.9838,0.0,0.0103
3253,1.0,0.9998,0.0,0.9998,0.0002,0.0001,0.0,0.0001,0.9998
3254,0.0031,1.0,0.0011,0.7101,0.2888,0.004,0.4065,0.0,0.5895
3255,0.0221,0.9999,0.0001,0.884,0.1159,0.0009,0.0039,0.0,0.9953
3256,1.0,0.0003,0.0015,0.9985,0.0,0.0,0.0186,0.0008,0.9806
3257,0.9999,1.0,0.0016,0.9044,0.094,0.0002,0.1117,0.0,0.888
3258,1.0,0.0,0.0129,0.9871,0.0,0.0003,0.0152,0.0064,0.9781
3259,0.0007,1.0,0.012,0.1015,0.8865,0.903,0.0023,0.0,0.0947
3260,1.0,1.0,0.024,0.6817,0.2943,0.0135,0.9758,0.0,0.0107
3261,1.0,0.9999,0.0001,0.8265,0.1734,0.9276,0.0067,0.0051,0.0606
3262,0.0055,1.0,0.0001,0.9818,0.0181,0.0004,0.0115,0.0,0.9881
3263,0.9918,1.0,0.0001,0.8765,0.1234,0.0009,0.0049,0.0001,0.9941
3264,0.9995,0.0055,0.001,0.999,0.0001,0.0,0.0058,0.0006,0.9936
3265,1.0,0.0,0.0,0.5928,0.4072,0.0021,0.0,0.0001,0.9978
3266,0.5342,0.9998,0.0,0.9968,0.0031,0.0001,0.0137,0.0,0.9862
3267,0.9969,1.0,0.0001,0.9984,0.0015,0.0,0.2226,0.0,0.7774
3268,0.9372,1.0,0.0,0.4275,0.5725,0.4627,0.5316,0.0,0.0057
3269,0.9999,1.0,0.0098,0.6893,0.3008,0.0003,0.6436,0.0,0.3561
3270,1.0,1.0,0.0059,0.9579,0.0362,0.0,0.0315,0.0,0.9685
3271,1.0,1.0,0.4971,0.1401,0.3628,0.0815,0.0962,0.0,0.8224
3272,1.0,0.0,0.0,1.0,0.0,0.0,0.0,0.0,1.0
3273,0.0638,0.9998,0.0002,0.9818,0.018,0.0004,0.1692,0.0,0.8304
3274,0.9997,1.0,0.0004,0.9839,0.0157,0.0001,0.2022,0.0,0.7977
3275,0.9989,1.0,0.0,0.0006,0.9994,0.9773,0.0,0.0,0.0227
3276,0.9981,1.0,0.0002,0.9995,0.0003,0.0,0.1346,0.0,0.8654
3278,0.0009,0.9999,0.0001,0.8875,0.1124,0.0667,0.9255,0.0,0.0078
3279,0.9987,0.0019,0.0003,0.9997,0.0001,0.0,0.001,0.0016,0.9973
3280,0.9984,1.0,0.0271,0.42,0.5529,0.0006,0.5049,0.0,0.4945
3281,1.0,1.0,0.0888,0.9024,0.0088,0.0,0.997,0.0,0.003
3282,0.0501,0.9998,0.0,0.0,1.0,1.0,0.0,0.0,0.0
3283,0.9998,1.0,0.0008,0.9974,0.0018,0.0442,0.6158,0.0,0.34
3284,1.0,1.0,0.0,0.9998,0.0002,0.0,0.0,0.0,1.0
3285,0.6992,1.0,0.0,0.3195,0.6805,0.8545,0.1163,0.0,0.0292
3286,1.0,1.0,0.0004,0.616,0.3835,0.0011,0.0,0.0,0.9989
3287,0.9996,1.0,0.0002,0.9835,0.0163,0.0001,0.0248,0.0,0.9751
3288,0.0004,0.9996,0.0,0.0002,0.9998,1.0,0.0,0.0,0.0
3289,0.8557,1.0,0.0,0.0,1.0,0.9997,0.0,0.0,0.0003
3290,1.0,0.9999,0.0336,0.9664,0.0,0.0,1.0,0.0,0.0
3291,0.9999,0.0019,0.0115,0.9884,0.0001,0.0,0.0148,0.0019,0.9833
3292,0.9548,0.9999,0.0005,0.832,0.1675,0.0002,0.0077,0.0,0.9921
3293,1.0,1.0,0.0002,0.2867,0.7131,0.0147,0.0,0.0002,0.9851
3294,1.0,0.9999,0.0007,0.8693,0.13,0.0001,0.0012,0.0,0.9987
3295,1.0,1.0,0.0013,0.9777,0.0209,0.0001,0.0158,0.0001,0.984
3296,1.0,1.0,0.1283,0.5529,0.3189,0.0002,0.0351,0.0001,0.9646
3297,1.0,1.0,0.0,0.9924,0.0076,0.0,1.0,0.0,0.0
3298,1.0,0.0,0.0001,0.9999,0.0,0.0,0.0,0.0,1.0
3299,1.0,1.0,0.2328,0.7672,0.0,0.0,1.0,0.0,0.0
3300,0.7876,1.0,0.0001,0.0817,0.9182,0.0044,0.4618,0.0,0.5339
3301,1.0,1.0,0.3428,0.6353,0.0219,0.9257,0.0001,0.0301,0.0441
3302,1.0,0.9157,0.0306,0.5611,0.4083,0.0134,0.9864,0.0,0.0002
3303,1.0,1.0,0.0011,0.292,0.707,0.0028,0.0695,0.0,0.9277
3304,0.197,0.9998,0.0002,0.9718,0.028,0.0006,0.0443,0.0,0.9551
3305,1.0,1.0,0.0071,0.9772,0.0158,0.0049,0.0295,0.0,0.9656
3306,0.0489,0.9999,0.0029,0.891,0.1062,0.0005,0.7324,0.0,0.2671
3307,0.9996,1.0,0.0,0.3523,0.6477,0.9928,0.0005,0.0,0.0067
3308,1.0,1.0,0.0002,0.1062,0.8936,0.0005,0.0001,0.0,0.9994
3309,1.0,1.0,0.0072,0.4084,0.5843,0.0009,0.1967,0.0,0.8023
3310,1.0,0.0003,0.9563,0.0437,0.0,0.0,0.0,0.0,1.0
3311,0.9997,1.0,0.0004,0.9446,0.055,0.0002,0.0191,0.0,0.9807
3312,0.0014,1.0,0.0,0.0,1.0,1.0,0.0,0.0,0.0
3313,0.9981,1.0,0.0007,0.9336,0.0657,0.0006,0.6675,0.0,0.3319
3314,1.0,1.0,0.24,0.7598,0.0002,0.0,0.0047,0.0,0.9953
3315,0.4883,1.0,0.0001,0.981,0.0189,0.0002,0.0155,0.0,0.9843
3316,1.0,1.0,0.5337,0.1526,0.3137,0.0001,0.9665,0.0,0.0334
3317,0.0195,1.0,0.0,0.9993,0.0007,0.0002,0.0125,0.0,0.9873
3318,1.0,1.0,0.001,0.9903,0.0087,0.0,0.0577,0.0,0.9423
3319,0.9958,1.0,0.0,0.0032,0.9968,0.9997,0.0,0.0,0.0003
3320,1.0,1.0,0.0003,0.9459,0.0538,0.5615,0.1627,0.0,0.2758
3321,1.0,1.0,0.1316,0.8287,0.0397,0.0,0.0142,0.0,0.9857
3322,1.0,0.9996,0.0012,0.963,0.0359,0.0094,0.8238,0.0002,0.1666
3323,1.0,1.0,0.0026,0.9154,0.082,0.0001,0.2302,0.0,0.7697
3324,1.0,0.0,0.2817,0.7183,0.0,0.0,0.0642,0.0,0.9357
3325,0.9999,0.9934,0.0048,0.9944,0.0008,0.0,0.9996,0.0,0.0004
3326,0.8183,1.0,0.0006,0.9977,0.0016,0.0102,0.0701,0.0,0.9197
3327,0.9995,1.0,0.0001,0.8706,0.1293,0.0018,0.0077,0.0001,0.9905
3328,0.9996,0.0021,0.0006,0.9994,0.0001,0.0,0.0041,0.0005,0.9953
3329,1.0,0.0,0.0005,0.9995,0.0,0.0,0.0003,0.0,0.9997
3330,0.1995,1.0,0.0061,0.584,0.4099,0.8448,0.0001,0.0002,0.1548
3331,0.9996,1.0,0.0001,0.9857,0.0142,0.0012,0.9982,0.0,0.0006
3332,0.0884,1.0,0.0005,0.8892,0.1104,0.0015,0.2344,0.0,0.7641
3333,0.9051,1.0,0.0002,0.5355,0.4644,0.0032,0.0303,0.0,0.9665
3334,1.0,0.9999,0.0041,0.9676,0.0283,0.0,1.0,0.0,0.0
3335,1.0,1.0,0.0001,0.0082,0.9917,1.0,0.0,0.0,0.0
3336,0.9912,1.0,0.0032,0.7886,0.2082,0.9389,0.0303,0.0,0.0307
3337,0.9989,0.0113,0.0013,0.9984,0.0003,0.0,0.0173,0.0002,0.9825
3338,0.0035,1.0,0.0,0.0089,0.9911,1.0,0.0,0.0,0.0
3339,1.0,1.0,0.0006,0.9582,0.0412,0.0,1.0,0.0,0.0
3340,1.0,0.0002,0.0183,0.9817,0.0,0.0,0.2037,0.0011,0.7952
3341,1.0,1.0,0.0857,0.9143,0.0,0.0,0.0,0.0,1.0
3342,0.9996,1.0,0.7857,0.2106,0.0038,0.0,0.9997,0.0,0.0003
3343,0.8467,0.9993,0.0008,0.978,0.0212,0.0001,0.0883,0.0001,0.9114
3344,0.9904,1.0,0.0001,0.991,0.0089,0.0002,0.0165,0.0001,0.9833
3345,1.0,1.0,0.0004,0.9995,0.0001,0.0,0.0,0.0046,0.9953
3346,0.9999,0.0016,0.0137,0.9862,0.0001,0.0,0.3814,0.0005,0.6181
3347,0.9999,1.0,0.001,0.9721,0.027,0.0,0.0003,0.0,0.9997
3348,1.0,0.0,0.0065,0.9935,0.0,0.0,0.0765,0.0,0.9235
3349,0.8387,0.9999,0.0009,0.9772,0.0219,0.0001,0.422,0.0,0.5779
3350,0.7545,0.9999,0.0006,0.7792,0.2202,0.0008,0.0047,0.0,0.9945
3351,0.9999,1.0,0.0,0.7721,0.2279,0.0011,0.0018,0.0,0.9971
3352,0.9999,1.0,0.0045,0.1661,0.8294,0.0098,0.99,0.0,0.0002
3353,0.7741,1.0,0.0616,0.7871,0.1513,0.0003,0.1487,0.0,0.851
3354,0.9056,1.0,0.0006,0.2446,0.7548,0.0011,0.0071,0.0,0.9919
3355,1.0,1.0,0.0023,0.9466,0.0511,0.0001,0.0138,0.0001,0.9861
3356,1.0,0.9998,0.0285,0.964,0.0075,0.0,0.0527,0.0001,0.9472
3357,0.9992,1.0,0.0004,0.9644,0.0352,0.0002,0.0173,0.0,0.9825
3358,1.0,0.9999,0.0707,0.9188,0.0105,0.0,0.0583,0.0,0.9417
3359,0.4528,1.0,0.0015,0.8902,0.1082,0.0004,0.2167,0.0,0.7829
3360,0.9999,1.0,0.0,0.8626,0.1374,0.0001,0.0,0.0,0.9999
3361,0.0779,1.0,0.0039,0.9743,0.0218,0.0862,0.0231,0.0,0.8907
3362,0.9945,1.0,0.0,0.0671,0.9329,0.3055,0.0005,0.0,0.694
3363,1.0,1.0,0.3445,0.6524,0.0031,0.0,0.993,0.0,0.007
3364,0.9948,1.0,0.0204,0.7349,0.2447,0.0002,0.0974,0.0,0.9024
3365,1.0,1.0,0.4815,0.5184,0.0001,0.0,0.9983,0.0,0.0017
3366,0.9999,0.0057,0.003,0.9969,0.0001,0.0,0.0236,0.0007,0.9757
3367,0.9991,0.9999,0.0004,0.7937,0.2059,0.0002,0.0023,0.0,0.9975
3368,1.0,1.0,0.0005,0.6666,0.3329,0.0003,0.0027,0.0,0.997
3369,0.9802,0.9989,0.0045,0.9871,0.0084,0.0,0.558,0.0,0.4419
3370,1.0,0.9999,0.0141,0.9803,0.0056,0.0,0.0118,0.0001,0.9881
3371,1.0,1.0,0.0,0.9676,0.0324,0.0001,0.0,0.0,0.9999
3372,1.0,1.0,0.0001,0.9993,0.0006,0.0036,0.0001,0.007,0.9893
3373,0.9982,1.0,0.0003,0.9225,0.0772,0.0001,0.0052,0.0,0.9947
3374,0.2219,1.0,0.0098,0.1209,0.8693,0.041,0.8844,0.0,0.0746
3375,1.0,1.0,0.8553,0.1447,0.0001,0.0,1.0,0.0,0.0
3376,1.0,1.0,0.0008,0.7431,0.2561,0.0001,0.0023,0.0,0.9975
3377,0.9998,1.0,0.0047,0.9548,0.0405,0.0001,0.2863,0.0,0.7136
3378,0.996,1.0,0.0,0.9982,0.0018,0.0,0.0477,0.0,0.9523
3379,0.5345,1.0,0.0011,0.4542,0.5448,0.0026,0.1664,0.0,0.831
3380,0.9986,1.0,0.0,0.795,0.205,0.2236,0.0018,0.0004,0.7742
3381,1.0,0.9999,0.0079,0.992,0.0001,0.0,0.9999,0.0,0.0001
3382,1.0,1.0,0.0002,0.9913,0.0086,0.0179,0.0012,0.0061,0.9749
3383,0.9938,0.9997,0.0,0.7378,0.2621,0.1857,0.0,0.0001,0.8142
3384,0.9993,1.0,0.0017,0.998,0.0003,0.0,1.0,0.0,0.0
3385,0.9959,1.0,0.0003,0.9289,0.0708,0.0001,0.022,0.0,0.9779
3386,1.0,0.0001,0.1214,0.8786,0.0,0.0,0.1444,0.0,0.8555
3387,0.9996,1.0,0.0001,0.9999,0.0,0.0,0.9999,0.0,0.0001
3388,0.9806,1.0,0.0,0.012,0.988,0.8794,0.0,0.005,0.1156
3389,0.4118,1.0,0.0002,0.987,0.0128,0.0001,0.1103,0.0,0.8895
3390,0.6725,1.0,0.0002,0.8663,0.1336,0.0009,0.0081,0.0,0.991
3391,0.9998,1.0,0.1838,0.5463,0.2699,0.0,0.9985,0.0,0.0015
3392,1.0,1.0,0.1661,0.8324,0.0015,0.0,0.9982,0.0,0.0018
3393,0.2295,0.9999,0.0002,0.9602,0.0396,0.0008,0.0411,0.0,0.9581
3394,0.8413,1.0,0.0,0.0,1.0,1.0,0.0,0.0,0.0
3395,1.0,0.0002,0.0016,0.9984,0.0,0.0,0.0113,0.0012,0.9875
3396,0.9995,0.0132,0.0037,0.9958,0.0004,0.0,0.0701,0.0008,0.9291
3397,1.0,1.0,0.0279,0.9594,0.0127,0.0,0.411,0.0,0.5889
3398,0.9997,1.0,0.0019,0.9981,0.0,0.0,0.9997,0.0,0.0003
3399,1.0,0.9999,0.0226,0.9019,0.0755,0.0001,0.2415,0.0001,0.7583
3400,1.0,0.0002,0.0019,0.9981,0.0,0.0,0.0048,0.0002,0.995
3401,0.9978,0.0016,0.0003,0.9996,0.0001,0.0,0.0051,0.0013,0.9936
3402,0.0152,0.9999,0.0,0.9998,0.0002,0.0,0.0729,0.0,0.9271
3403,1.0,1.0,0.0001,0.5609,0.439,0.0006,0.9994,0.0,0.0
3404,0.9993,1.0,0.0,0.0103,0.9897,0.9995,0.0,0.0004,0.0
3405,1.0,1.0,0.0001,0.9182,0.0816,0.0001,0.0065,0.0,0.9934
3406,0.9968,0.0192,0.0004,0.999,0.0005,0.0001,0.0389,0.001,0.96
3407,1.0,1.0,0.0154,0.9839,0.0007,0.0,0.0011,0.0001,0.9989
3408,0.9999,1.0,0.0356,0.9175,0.0469,0.0001,0.2673,0.0,0.7326
3409,1.0,1.0,0.9988,0.0012,0.0,0.0,1.0,0.0,0.0
3410,1.0,1.0,0.9948,0.0049,0.0003,0.0,1.0,0.0,0.0
3411,1.0,1.0,0.0002,0.9968,0.003,0.0001,0.604,0.0,0.3959
